Date,Open*,High,Low,Close**,Volume,Market Cap
2019-03-30,142.36,149.61,141.03,142.09,5144662127,14984615423
2019-03-29,139.34,142.55,138.05,142.50,5125602702,15025361637
2019-03-28,141.01,141.01,138.43,139.42,4163212475,14698609599
2019-03-27,135.45,141.08,135.34,140.99,5228240093,14862394451
2019-03-26,135.05,135.46,133.76,135.46,4499271679,14277816266
2019-03-25,137.08,137.70,133.49,135.03,4480516753,14230733149
2019-03-24,138.32,138.38,136.31,136.99,4266845458,14434995337
2019-03-23,137.04,139.39,136.91,138.24,4436568613,14565143357
2019-03-22,136.56,138.79,136.23,137.18,4490899266,14451740115
2019-03-21,140.48,141.00,135.86,136.64,5087247796,14392427839
2019-03-20,140.48,140.95,138.31,140.69,4664134462,14817151375
2019-03-19,139.25,140.99,139.14,140.52,4251488129,14797612389
2019-03-18,140.10,142.27,138.84,139.37,4551739879,14675181094
2019-03-17,142.24,142.37,139.32,140.00,3827157729,14739201597
2019-03-16,137.91,144.56,137.91,142.40,4839003569,14989691491
2019-03-15,133.57,138.40,133.57,137.69,4506861856,14492364551
2019-03-14,133.20,135.18,132.75,133.71,4476532147,14071628064
2019-03-13,134.61,134.61,132.72,133.26,4265162099,14022610219
2019-03-12,134.01,135.27,130.94,134.44,4709988000,14144929392
2019-03-11,136.85,137.35,133.10,133.83,4689807419,14079044648
2019-03-10,138.18,138.27,135.69,136.76,4578438499,14384860876
2019-03-09,134.89,139.12,134.68,137.97,5011918715,14509873018
2019-03-08,138.31,139.50,133.56,135.13,4678816794,14209542041
2019-03-07,138.94,140.86,137.27,138.03,4339206292,14513398954
2019-03-06,137.96,139.97,136.15,138.79,4589054219,14590867639
2019-03-05,127.79,138.23,126.74,137.82,4764849990,14492117352
2019-03-04,132.16,132.73,125.40,127.77,4008171341,13432896659
2019-03-03,134.79,135.85,131.33,132.25,3454374053,13900679027
2019-03-02,136.35,137.18,132.44,134.21,3747176425,14103698392
2019-03-01,136.84,139.00,136.43,136.44,3756124824,14335957425
2019-02-28,136.28,138.85,135.66,136.75,4535438953,14365118213
2019-02-27,138.03,141.34,131.60,136.13,4469776860,14298070644
2019-02-26,139.65,139.98,136.58,138.09,3791292839,14502464167
2019-02-25,135.50,142.53,135.48,139.82,4914392068,14682597926
2019-02-24,158.90,165.55,135.85,135.85,5957715043,14263873721
2019-02-23,148.68,159.13,147.33,158.80,4519468458,16670632412
2019-02-22,146.07,149.27,145.21,149.09,3731099284,15649961167
2019-02-21,149.35,149.35,144.56,146.13,3995766856,15337145738
2019-02-20,145.17,149.55,142.50,149.55,4500094965,15694462393
2019-02-19,146.40,149.93,145.13,145.35,5310842625,15250901019
2019-02-18,133.03,147.69,133.00,146.10,5387525773,15327852479
2019-02-17,123.18,134.46,123.09,133.60,4236081130,14014695490
2019-02-16,122.40,124.13,122.30,123.26,2905833287,12928550184
2019-02-15,121.45,123.66,121.37,122.10,3021741615,12805280766
2019-02-14,122.42,124.45,121.33,121.39,3331701628,12729213675
2019-02-13,122.54,125.55,121.61,122.55,3386585799,12849605819
2019-02-12,121.18,123.47,119.60,122.57,3149576429,12849965121
2019-02-11,124.87,124.87,120.31,121.30,3222473887,12714795026
2019-02-10,119.41,124.85,117.11,124.81,3148766590,13080881910
2019-02-09,119.21,120.69,118.00,119.43,2884650400,12515870173
2019-02-08,104.65,119.81,104.19,119.27,3656841347,12496945336
2019-02-07,104.84,106.06,104.41,104.54,2326764622,10951652648
2019-02-06,107.57,107.57,102.93,104.92,2593048199,10990266833
2019-02-05,107.63,108.13,106.91,107.44,2515863999,11253035388
2019-02-04,107.63,108.70,107.07,107.82,2491888675,11290969364
2019-02-03,110.49,110.83,106.56,107.49,2519334757,11254870706
2019-02-02,107.47,110.65,106.76,110.43,2385157838,11560765573
2019-02-01,107.15,108.64,105.05,107.61,2541271519,11263815610
2019-01-31,108.90,110.46,106.53,107.06,2828796031,11204735502
2019-01-30,105.41,109.45,104.84,108.91,2874370355,11396282341
2019-01-29,106.72,107.17,104.00,105.60,2900418606,11048347342
2019-01-28,113.29,113.69,103.34,106.59,3366895505,11150461958
2019-01-27,116.51,116.69,113.41,113.41,2775888287,11861671822
2019-01-26,116.37,118.08,115.98,116.49,2412181169,12182338148
2019-01-25,117.59,117.80,115.83,116.38,2606881898,12168932300
2019-01-24,117.46,118.03,116.01,117.36,2520843420,12269992351
2019-01-23,118.71,119.42,116.38,117.45,2556952198,12277481872
2019-01-22,117.11,119.66,114.68,118.75,2552507405,12410972241
2019-01-21,119.64,119.72,116.16,117.16,2421720343,12242940197
2019-01-20,124.63,125.07,118.70,119.47,2964108269,12483136112
2019-01-19,121.61,125.90,121.16,124.52,3048261797,13007954846
2019-01-18,123.65,123.84,120.24,121.01,2305389800,12639234713
2019-01-17,123.57,124.27,120.82,123.74,2594091285,12922347330
2019-01-16,121.81,127.12,121.44,123.55,2746469340,12899812275
2019-01-15,129.17,130.74,120.31,122.03,2735449164,12739543688
2019-01-14,116.98,130.86,116.97,129.07,2798085735,13471754802
2019-01-13,125.91,126.27,116.09,116.90,2268263944,12199288487
2019-01-12,127.53,128.67,125.45,125.97,2212109224,13143426379
2019-01-11,127.81,130.17,125.24,127.55,2667585234,13306214134
2019-01-10,150.84,152.15,126.53,128.63,3397734456,13416263931
2019-01-09,150.55,153.62,150.29,150.80,2369241197,15726845711
2019-01-08,151.97,153.63,148.67,150.36,2459808140,15677889902
2019-01-07,157.81,158.45,151.15,151.70,2712108388,15814868678
2019-01-06,155.80,159.37,152.09,157.75,3231294371,16442429109
2019-01-05,154.34,160.82,154.34,155.64,3338211928,16219974745
2019-01-04,148.91,156.88,147.91,154.58,3126192535,16107068093
2019-01-03,155.20,155.86,147.20,149.14,2676164880,15536849936
2019-01-02,141.52,156.93,140.65,155.05,3328240369,16150049902
2019-01-01,133.42,141.40,132.65,140.82,2258709868,14665318370
2018-12-31,140.03,140.18,132.52,133.37,2358360234,13886837730
2018-12-30,137.63,140.69,133.98,139.86,2660086834,14560066114
2018-12-29,138.47,147.03,134.57,138.02,3169029972,14365797196
2018-12-28,116.90,137.65,115.69,137.65,3130201009,14324511544
2018-12-27,131.92,132.68,115.65,116.58,2612804378,12129493222
2018-12-26,129.89,136.68,126.29,131.87,2720469126,13717858346
2018-12-25,141.00,141.00,125.11,129.84,3298280609,13505089290
2018-12-24,130.64,157.67,130.64,140.24,4370343387,14583457939
2018-12-23,117.27,133.08,117.27,130.77,3579715061,13595887732
2018-12-22,109.46,116.76,107.50,116.76,2338772939,12137481655
2018-12-21,115.84,119.09,107.58,109.50,2632539990,11380357569
2018-12-20,101.09,117.17,100.64,116.22,3063842618,12076674310
2018-12-19,101.68,108.55,100.69,101.27,2456482115,10521416481
2018-12-18,95.11,101.32,92.97,101.11,2277514076,10503295749
2018-12-17,85.38,96.81,85.38,95.13,2101453024,9880456239
2018-12-16,84.47,87.57,84.47,85.26,1565817037,8853567311
2018-12-15,84.28,85.34,82.83,84.44,1496176898,8766638124
2018-12-14,86.63,87.14,83.23,84.31,1651491877,8751209554
2018-12-13,90.66,91.11,85.52,86.54,1754475622,8981108543
2018-12-12,88.61,92.24,88.26,90.59,1533050103,9400044026
2018-12-11,91.58,92.78,87.69,88.95,1707497898,9227301064
2018-12-10,94.99,96.26,90.65,91.69,1756437577,9509816315
2018-12-09,92.04,98.90,91.03,95.14,1875567180,9866414732
2018-12-08,93.41,97.06,86.83,92.16,1855759401,9555327946
2018-12-07,91.65,96.09,83.47,93.29,2554304530,9671177427
2018-12-06,102.45,104.10,91.76,91.76,2310716932,9510417097
2018-12-05,110.34,110.60,102.48,102.48,1990157607,10618884099
2018-12-04,108.80,113.14,107.40,110.21,1748116495,11418617063
2018-12-03,116.38,116.62,107.42,108.93,1772756193,11282911404
2018-12-02,118.27,120.56,116.09,116.39,1856199149,12053770487
2018-12-01,113.40,120.84,111.62,118.64,2131475768,12284117522
2018-11-30,117.73,119.42,111.74,113.17,2020748396,11716096076
2018-11-29,122.72,123.23,115.30,117.54,2196099151,12166285642
2018-11-28,110.20,126.05,110.20,122.44,2673470000,12670491119
2018-11-27,107.91,111.84,102.45,110.01,2320010000,11382216773
2018-11-26,116.34,118.20,104.89,108.33,2139490000,11206775318
2018-11-25,113.13,118.88,101.77,116.45,2466750000,12043900588
2018-11-24,123.30,126.79,110.83,113.49,1800960000,11735901799
2018-11-23,126.42,127.03,119.56,123.30,1998010000,12747016419
2018-11-22,136.81,137.74,126.71,126.71,1792150000,13097009562
2018-11-21,131.14,138.89,125.76,136.70,2685930000,14127420909
2018-11-20,148.81,151.25,126.36,130.34,3134410000,13467303239
2018-11-19,177.18,177.18,147.85,149.18,2745160000,15410551811
2018-11-18,174.18,179.15,174.18,177.07,1810920000,18288411984
2018-11-17,175.36,175.85,172.87,174.00,1832800000,17968221715
2018-11-16,180.87,181.35,173.13,175.18,2015330000,18086156169
2018-11-15,181.90,184.25,170.19,180.81,2638410000,18663659629
2018-11-14,206.53,207.04,174.08,181.40,2595330000,18721032761
2018-11-13,210.15,210.51,206.13,206.83,1610260000,21341261802
2018-11-12,211.51,212.62,208.92,210.42,1452380000,21707637540
2018-11-11,212.48,213.00,208.87,211.34,1501600000,21798464881
2018-11-10,209.97,213.86,209.81,212.53,1377760000,21917195708
2018-11-09,211.99,213.32,209.51,210.07,1554750000,21659329261
2018-11-08,217.33,218.34,212.20,212.23,1769080000,21877424057
2018-11-07,218.90,221.65,216.80,217.18,1927830000,22383497662
2018-11-06,209.47,218.45,207.89,218.45,1856940000,22445690692
2018-11-05,207.10,210.82,206.57,209.09,1613510000,21540996877
2018-11-04,200.16,211.27,198.99,207.49,1749300000,21371416840
2018-11-03,200.74,200.74,199.53,200.19,1307150000,20615439151
2018-11-02,198.98,201.27,198.75,200.63,1451870000,20657629735
2018-11-01,197.54,203.75,197.33,198.87,1336700000,20472105764
2018-10-31,197.65,198.34,196.53,197.38,1442380000,20314628127
2018-10-30,197.20,198.12,196.35,197.56,1363500000,20328580026
2018-10-29,205.17,205.60,195.73,197.25,1517230000,20292811278
2018-10-28,204.51,205.92,203.52,205.37,1139140000,21123907349
2018-10-27,203.36,206.08,203.13,204.21,1084810000,21000852987
2018-10-26,202.34,204.78,201.55,203.33,1161310000,20906130835
2018-10-25,203.87,204.13,201.82,202.72,1102900000,20839259066
2018-10-24,204.13,205.58,203.35,203.85,1102220000,20951603018
2018-10-23,204.02,205.15,201.91,204.34,1237490000,20997181867
2018-10-22,205.17,206.93,203.38,204.04,1328980000,20962977292
2018-10-21,205.39,208.16,204.62,205.14,1190300000,21071630786
2018-10-20,203.51,206.22,203.09,205.43,1238780000,21097037289
2018-10-19,203.26,204.66,201.84,203.73,1264480000,20917973393
2018-10-18,207.40,208.47,201.74,203.35,1365860000,20875341345
2018-10-17,210.22,211.13,205.93,207.08,1444130000,21254117736
2018-10-16,209.63,212.17,207.98,210.12,1532280000,21561538445
2018-10-15,195.27,222.12,194.16,209.70,2865830000,21514574462
2018-10-14,199.69,201.83,195.24,195.72,1169260000,20075397007
2018-10-13,196.36,201.28,196.36,199.84,1167610000,20494529773
2018-10-12,188.71,199.40,188.71,196.73,1487900000,20171157774
2018-10-11,225.61,225.61,189.28,189.50,2167620000,19426181717
2018-10-10,227.62,227.71,224.50,225.77,1384040000,23139713070
2018-10-09,229.71,230.16,226.40,227.98,1405130000,23361891401
2018-10-08,226.51,230.76,224.56,229.25,1470740000,23487673000
2018-10-07,225.44,226.37,223.00,226.12,1470480000,23161767973
2018-10-06,227.55,227.93,224.25,225.12,1505070000,23054817089
2018-10-05,222.27,228.32,220.96,227.60,1547330000,23304234601
2018-10-04,220.45,226.15,220.09,222.22,1479500000,22748580859
2018-10-03,226.41,226.46,213.97,220.49,1683930000,22567089086
2018-10-02,231.10,231.17,225.84,227.18,1542080000,23247403474
2018-10-01,233.22,234.15,226.94,230.77,1597500000,23609728018
2018-09-30,231.33,236.99,228.44,232.85,1765560000,23817805502
2018-09-29,221.71,234.01,216.08,231.63,2208720000,23688983896
2018-09-28,229.04,231.75,218.67,222.40,2018120000,22740233568
2018-09-27,215.44,230.61,212.65,228.49,2030320000,23358464739
2018-09-26,218.65,221.44,209.11,215.85,1756100000,22061164303
2018-09-25,228.33,228.33,206.49,218.50,2120360000,22328327983
2018-09-24,244.84,245.11,227.49,228.73,1748740000,23368514475
2018-09-23,240.99,247.46,237.86,244.33,1693470000,24957339670
2018-09-22,247.34,251.20,233.81,240.48,1921820000,24559189741
2018-09-21,225.25,248.39,221.57,246.58,2836200000,25177561991
2018-09-20,210.29,224.82,207.79,224.59,1782070000,22927300808
2018-09-19,209.47,213.87,201.66,209.97,1733330000,21430323331
2018-09-18,197.09,213.36,195.93,209.97,1800640000,21426628309
2018-09-17,221.58,224.26,195.31,197.88,2019910000,20187902505
2018-09-16,222.80,222.80,211.12,220.59,1502260000,22500748646
2018-09-15,209.81,226.60,209.61,223.07,1670490000,22749647321
2018-09-14,212.67,222.79,204.87,211.75,2232190000,21590366996
2018-09-13,183.68,214.00,183.68,211.35,2330720000,21545775837
2018-09-12,185.42,185.59,170.26,183.33,1874850000,18685319378
2018-09-11,198.18,198.51,180.60,185.07,1568900000,18858381966
2018-09-10,197.85,201.88,189.58,197.08,1502960000,20078523984
2018-09-09,198.38,207.67,188.31,196.92,1585980000,20058708800
2018-09-08,217.91,220.37,193.26,197.95,1517200000,20159309964
2018-09-07,229.53,233.90,217.07,217.20,1678260000,22115522904
2018-09-06,231.65,231.75,218.12,230.22,2097310000,23435751842
2018-09-05,286.05,288.16,232.33,232.33,2390390000,23646371777
2018-09-04,289.30,291.58,284.25,285.72,1554870000,29074743101
2018-09-03,295.18,295.59,287.43,289.26,1394490000,29428616901
2018-09-02,295.45,298.69,290.93,294.37,1321050000,29942718225
2018-09-01,283.50,301.14,283.50,295.34,1546630000,30035327410
2018-08-31,284.12,284.55,278.51,283.00,1411910000,28774922508
2018-08-30,289.75,291.24,275.21,284.11,1513100000,28881058148
2018-08-29,296.16,297.07,287.29,289.31,1474460000,29404459725
2018-08-28,286.65,297.40,283.57,296.50,1513350000,30128902937
2018-08-27,275.35,285.60,273.65,285.60,1406790000,29015874948
2018-08-26,279.52,279.52,272.44,275.20,1206650000,27953028997
2018-08-25,283.28,283.51,278.47,279.65,1208360000,28399212923
2018-08-24,278.11,283.30,273.86,282.97,1450170000,28730705349
2018-08-23,271.75,279.55,271.09,277.10,1271160000,28129662664
2018-08-22,281.97,297.49,265.00,271.34,1507660000,27539119679
2018-08-21,273.33,285.97,273.33,281.94,1164120000,28609531323
2018-08-20,301.38,304.37,273.51,274.31,1413790000,27829775231
2018-08-19,295.67,307.10,291.33,300.83,1447910000,30514025774
2018-08-18,316.79,320.45,286.55,295.81,1764020000,29998584852
2018-08-17,287.68,316.17,287.35,315.73,1995460000,32011921283
2018-08-16,282.74,298.48,280.93,288.05,1552970000,29199228646
2018-08-15,280.39,303.59,280.12,282.36,1878150000,28617473116
2018-08-14,286.37,286.37,254.65,278.93,2137850000,28263969132
2018-08-13,320.21,323.55,284.93,286.50,1751190000,29024490503
2018-08-12,320.82,328.59,318.60,319.57,1625420000,32368768332
2018-08-11,334.26,334.26,308.49,322.11,1790370000,32619681420
2018-08-10,365.78,367.05,329.59,334.18,1699400000,33834485092
2018-08-09,356.97,370.95,353.61,365.59,1616610000,37007391031
2018-08-08,379.89,380.67,353.73,356.61,2016080000,36091566801
2018-08-07,406.80,411.40,376.08,380.21,1828350000,38472420233
2018-08-06,410.57,414.54,403.31,406.66,1384880000,41139790462
2018-08-05,407.35,413.72,402.43,410.52,1396820000,41521715110
2018-08-04,418.24,420.19,403.78,407.25,1466540000,41183215694
2018-08-03,412.57,420.55,399.91,418.26,1722340000,42287977978
2018-08-02,420.81,425.03,410.31,412.62,1569300000,41709183608
2018-08-01,433.87,435.46,410.46,420.75,1888060000,42521937218
2018-07-31,457.25,457.25,430.44,433.87,1820680000,43839034237
2018-07-30,466.83,467.95,448.64,457.08,2141590000,46175217427
2018-07-29,466.92,470.36,462.71,466.67,1631910016,47133881666
2018-07-28,469.68,471.59,462.99,466.90,1531890048,47147853886
2018-07-27,464.01,473.22,458.29,469.67,1734259968,47417755376
2018-07-26,472.33,483.70,461.42,464.04,1621560064,46839932193
2018-07-25,479.91,482.87,466.47,472.49,1930780032,47683830874
2018-07-24,451.14,481.14,450.57,479.37,2287520000,48368209917
2018-07-23,459.44,469.77,449.73,450.85,1596999936,45481301491
2018-07-22,462.44,470.90,458.12,459.66,1338589952,46360029757
2018-07-21,450.68,468.08,445.78,462.44,1504310016,46630720739
2018-07-20,469.31,469.31,443.69,450.70,1821350016,45437819522
2018-07-19,480.63,483.24,465.14,469.62,2068739968,47335899963
2018-07-18,500.84,513.43,474.36,480.51,2371559936,48424155624
2018-07-17,480.08,508.78,468.92,501.00,2288100096,50478766285
2018-07-16,450.42,480.66,446.80,480.66,1858680064,48419026521
2018-07-15,435.88,454.00,433.92,449.85,1350160000,45306414380
2018-07-14,434.51,439.43,431.47,436.09,1235820032,43911193561
2018-07-13,430.74,442.36,430.74,434.03,1489670016,43694988769
2018-07-12,446.50,446.50,422.81,430.07,1495440000,43288294177
2018-07-11,434.52,447.32,429.51,446.52,1422470016,44934271235
2018-07-10,476.16,478.32,433.96,434.42,1789069952,43708241775
2018-07-09,488.88,490.85,475.17,476.68,1533799936,47950212027
2018-07-08,492.07,503.20,488.42,489.12,1344560000,49191161178
2018-07-07,474.06,491.66,466.84,491.66,1358360064,49436674025
2018-07-06,474.36,479.65,457.61,474.01,1627609984,47652424064
2018-07-05,467.29,483.23,464.63,474.41,1828610048,47682968020
2018-07-04,464.15,481.44,455.18,467.32,1549769984,46960391871
2018-07-03,475.39,483.85,462.58,464.20,1683939968,46637067239
2018-07-02,453.82,479.13,447.11,475.35,1625789952,47747743959
2018-07-01,455.24,457.14,446.39,453.92,1511730048,45585861718
2018-06-30,436.21,458.80,436.21,455.18,1475939968,45703302056
2018-06-29,422.59,441.79,407.95,436.01,1564499968,43769409548
2018-06-28,442.29,443.62,419.68,422.36,1360790016,42391125054
2018-06-27,432.24,444.24,424.84,442.36,1368940032,44389430889
2018-06-26,460.73,461.21,432.77,432.77,1356560000,43417898248
2018-06-25,455.94,470.34,448.90,460.31,4007950080,46171165114
2018-06-24,474.77,475.36,426.47,457.67,2490579968,45897156207
2018-06-23,466.27,479.13,462.39,474.52,1651379968,47577076102
2018-06-22,527.19,527.19,456.88,465.82,2226030080,46694859628
2018-06-21,536.45,543.72,524.26,527.37,1462070016,52853921455
2018-06-20,538.51,541.02,519.37,536.27,1596290048,53735032875
2018-06-19,519.02,542.35,516.31,537.96,1726569984,53893191559
2018-06-18,499.38,521.80,494.07,518.89,1513869952,51972519171
2018-06-17,499.46,507.64,498.65,500.45,1264870016,50114921288
2018-06-16,490.41,503.22,488.85,499.64,1314109952,50024018701
2018-06-15,520.48,521.30,487.47,491.00,1808269952,49149084090
2018-06-14,478.38,523.54,467.47,519.74,2458650112,52015066663
2018-06-13,498.02,501.90,459.00,477.49,2080130048,47777150787
2018-06-12,532.71,538.96,491.23,496.84,1932760064,49702985162
2018-06-11,524.86,536.86,515.27,533.28,1982119936,53337466294
2018-06-10,594.34,594.34,511.89,526.48,2234880000,52645885461
2018-06-09,600.91,608.58,597.56,597.56,1519309952,59741701633
2018-06-08,605.44,608.81,595.59,601.08,1637779968,60080608858
2018-06-07,607.69,616.14,601.69,605.19,1880140032,60478879395
2018-06-06,610.26,611.64,596.40,607.12,1756530048,60659842641
2018-06-05,593.41,611.33,580.98,609.30,1844269952,60864980395
2018-06-04,619.44,623.43,583.75,592.98,1903430016,59222873880
2018-06-03,591.26,624.51,591.26,618.33,1832550016,61740821846
2018-06-02,580.43,597.08,577.32,591.81,1880390016,59080880117
2018-06-01,578.67,589.09,567.66,580.04,1945890048,57894350583
2018-05-31,558.50,585.54,557.07,577.65,1985040000,57643138807
2018-05-30,566.83,583.14,545.43,559.59,2053970048,55829809817
2018-05-29,516.15,572.26,516.15,565.39,2330820096,56396587656
2018-05-28,573.04,576.05,512.55,516.04,2356900096,51463146627
2018-05-27,588.52,590.33,562.87,572.67,1788790016,57099072056
2018-05-26,587.43,606.17,583.51,587.28,1694300032,58544016481
2018-05-25,602.14,617.19,575.62,586.73,2110919936,58477440268
2018-05-24,584.54,610.82,557.21,601.76,2791099904,59962094302
2018-05-23,646.67,651.64,572.95,583.59,2995429888,58139666822
2018-05-22,700.18,700.98,644.03,647.74,2230469888,64517663406
2018-05-21,717.19,719.28,692.49,699.22,2005170048,69631032596
2018-05-20,697.92,723.75,692.67,715.37,2156910080,71224213260
2018-05-19,695.07,715.58,686.79,696.53,2021549952,69334147807
2018-05-18,672.10,695.03,663.81,694.37,2305740032,69104455849
2018-05-17,708.72,718.83,668.83,672.66,2350619904,66929938612
2018-05-16,708.09,710.20,682.54,707.05,2476130048,70337446111
2018-05-15,731.14,739.05,700.99,708.87,2523069952,70504110201
2018-05-14,732.73,742.17,695.79,730.55,3005110016,72645181706
2018-05-13,687.17,741.31,675.32,733.50,2362500096,72923278119
2018-05-12,679.88,691.41,644.07,686.05,2668480000,68192028458
2018-05-11,727.01,736.98,669.83,679.59,3290080000,67535702572
2018-05-10,752.58,766.75,726.66,727.28,2748950016,72260117775
2018-05-09,752.90,759.53,718.47,752.28,2877870080,74728439730
2018-05-08,755.01,774.25,728.13,752.86,2920489984,74770813968
2018-05-07,793.34,795.76,710.18,753.72,4316120064,74841655792
2018-05-06,816.09,835.06,764.88,792.31,3105570048,78656662788
2018-05-05,784.58,827.46,784.24,816.12,3035040000,81003446783
2018-05-04,776.78,803.75,762.63,785.62,3533410048,77960306236
2018-05-03,686.59,784.34,686.59,779.54,4210939904,77340839220
2018-05-02,674.08,688.84,667.42,687.15,2822269952,68159979253
2018-05-01,670.46,674.40,637.54,673.61,2678960128,66803233984
2018-04-30,689.76,694.44,666.12,669.92,2853100032,66423712256
2018-04-29,683.91,697.76,670.51,688.88,2740559872,68289153706
2018-04-28,644.65,691.44,644.65,683.68,2496659968,67759208004
2018-04-27,662.11,684.87,647.03,647.03,2598129920,64114105428
2018-04-26,618.08,663.18,604.01,662.81,2984009984,65663946135
2018-04-25,707.06,707.06,600.21,615.42,4216140032,60955966711
2018-04-24,643.40,708.88,643.40,708.16,3581860096,70127342534
2018-04-23,621.20,646.70,621.03,642.55,2386830080,63617020167
2018-04-22,606.12,640.77,593.87,621.86,2426269952,61556034015
2018-04-21,616.00,621.89,578.55,605.40,2612460032,59913832194
2018-04-20,567.99,618.72,560.28,615.72,2849469952,60922818296
2018-04-19,524.04,567.89,523.26,567.89,2256869888,56178772001
2018-04-18,503.31,525.09,503.05,524.79,1762940032,51904227886
2018-04-17,511.14,518.03,502.56,502.89,1760359936,49728519115
2018-04-16,532.07,534.20,500.25,511.15,1758979968,50534185799
2018-04-15,502.88,531.70,502.88,531.70,1726089984,52555419462
2018-04-14,492.58,512.02,488.28,501.48,1519079936,49557725333
2018-04-13,493.16,526.47,482.66,492.73,2419249920,48683660481
2018-04-12,430.16,493.06,417.41,492.94,2519360000,48693844481
2018-04-11,415.02,430.54,412.47,430.54,1439040000,42521044920
2018-04-10,399.41,415.89,393.88,414.24,1196000000,40903130396
2018-04-09,400.86,429.25,390.61,398.53,1478390016,39343018191
2018-04-08,385.74,402.59,385.60,400.51,948488000,39530560784
2018-04-07,370.38,393.06,369.94,385.31,951475008,38023057371
2018-04-06,382.73,385.20,366.91,370.29,967105984,36532478896
2018-04-05,379.95,387.72,369.82,383.23,1210680064,37802008408
2018-04-04,416.48,417.47,375.31,380.54,1287730048,37528933631
2018-04-03,387.31,418.97,383.53,416.89,1363399936,41105280498
2018-04-02,379.70,395.17,377.59,386.42,1102259968,38093277842
2018-04-01,397.25,400.53,363.80,379.61,1256930048,37413407420
2018-03-31,395.00,418.47,392.95,396.46,1323920000,39066085342
2018-03-30,385.90,409.93,368.63,394.64,1878130048,38879465944
2018-03-29,448.08,450.81,385.81,385.97,1970230016,38016727209
2018-03-28,450.29,466.21,444.86,446.28,1514179968,43948072321
2018-03-27,489.59,491.46,449.97,450.12,1617939968,44316774118
2018-03-26,524.29,526.38,470.44,489.95,1638880000,48228842327
2018-03-25,522.70,535.82,515.66,524.29,1151170048,51598047955
2018-03-24,542.57,545.38,526.08,526.44,1300009984,51799123912
2018-03-23,539.86,540.49,512.13,539.62,1596349952,53084905906
2018-03-22,562.10,577.57,523.09,539.70,1523459968,53082150649
2018-03-21,559.10,589.61,550.57,561.73,1781270016,55237391316
2018-03-20,556.72,567.09,521.20,557.17,1833680000,54777982164
2018-03-19,546.63,558.10,519.12,556.73,2046790016,54722473140
2018-03-18,551.64,551.64,460.09,538.64,2685499904,52934184182
2018-03-17,601.68,609.15,549.10,552.78,1267810048,54312035489
2018-03-16,611.78,623.17,587.86,601.67,1417350016,59103031871
2018-03-15,614.84,620.62,579.51,611.30,1770460032,60037233577
2018-03-14,691.22,702.78,594.10,614.29,1810560000,60318025226
2018-03-13,698.15,713.73,682.35,690.83,1425959936,67819092121
2018-03-12,724.41,742.51,683.27,699.83,1764999936,68688764839
2018-03-11,685.31,735.83,668.12,723.34,1562680064,70981343639
2018-03-10,730.16,748.03,682.70,686.89,1532960000,67390487259
2018-03-09,702.20,729.16,648.11,728.92,2233019904,71498733754
2018-03-08,752.57,773.77,696.17,704.60,1891640064,69098851661
2018-03-07,816.27,825.61,726.55,752.83,2175419904,73813918307
2018-03-06,853.82,853.82,809.93,816.95,1943069952,80083929891
2018-03-05,866.85,869.92,853.52,853.68,1898489984,83667342992
2018-03-04,856.19,867.95,840.28,866.68,1697939968,84923240778
2018-03-03,856.71,868.45,855.21,857.22,1699369984,83979651073
2018-03-02,871.76,876.38,852.42,856.85,1894419968,83925690001
2018-03-01,856.01,880.30,851.92,872.20,1868519936,85410827047
2018-02-28,877.93,890.11,855.12,855.20,1963980032,83728564149
2018-02-27,870.36,896.26,867.10,878.27,2053980032,85968788108
2018-02-26,845.28,880.39,842.32,869.32,2044480000,85074973200
2018-02-25,839.46,853.15,822.38,844.81,1646960000,82659602549
2018-02-24,861.59,879.53,818.55,840.52,1926579968,82222377928
2018-02-23,811.59,886.32,794.79,864.19,2334820096,84520567485
2018-02-22,849.26,875.93,802.67,812.84,2150370048,79482140044
2018-02-21,894.14,912.38,830.56,849.97,2531729920,83095081059
2018-02-20,943.57,965.27,892.95,895.37,2545260032,87514997546
2018-02-19,921.67,957.78,921.55,943.86,2169019904,92235641556
2018-02-18,973.35,982.93,915.45,923.92,2567290112,90267805476
2018-02-17,944.75,976.59,940.75,974.11,2525720064,95151956513
2018-02-16,934.79,950.01,917.85,944.21,2369449984,92211437654
2018-02-15,923.73,951.95,911.11,936.98,2900100096,91485862822
2018-02-14,844.28,926.43,844.28,923.56,2818370048,90157005929
2018-02-13,869.29,870.71,828.84,845.26,2081170048,82496189206
2018-02-12,817.51,875.94,817.51,868.71,2243450112,84767037716
2018-02-11,859.29,859.29,788.22,814.66,2486650112,79476512347
2018-02-10,882.47,917.40,825.58,860.41,2930530048,83922989198
2018-02-09,818.48,884.00,788.83,883.86,2495820032,86191922699
2018-02-08,755.84,845.09,755.84,817.81,3708189952,79733609806
2018-02-07,790.43,851.20,723.43,757.07,3896179968,73796288509
2018-02-06,707.74,796.44,574.42,793.12,6518269952,77294507868
2018-02-05,834.96,856.65,644.60,697.95,4269530112,68005284183
2018-02-04,964.67,969.03,805.06,834.68,2997090048,81310521832
2018-02-03,919.21,991.94,847.69,964.02,3243480064,93890299032
2018-02-02,1035.77,1035.77,757.98,915.78,6713290240,89173962074
2018-02-01,1119.37,1161.35,984.82,1036.79,5261680128,100935354837
2018-01-31,1071.09,1128.66,1034.50,1118.31,3757560064,108848638400
2018-01-30,1184.13,1184.63,1058.97,1071.13,4107859968,104234481555
2018-01-29,1246.70,1256.70,1169.08,1182.36,3715079936,115034583684
2018-01-28,1111.78,1257.77,1111.78,1246.01,5372329984,121201618306
2018-01-27,1055.75,1121.98,1042.12,1107.07,3002870016,107663911307
2018-01-26,1052.70,1080.60,996.78,1055.17,3617690112,102595008990
2018-01-25,1063.22,1104.66,1034.74,1056.03,4050190080,102657059605
2018-01-24,987.48,1062.44,965.81,1058.78,3944039936,102902843882
2018-01-23,1004.17,1023.23,920.54,986.23,3556699904,95831359552
2018-01-22,1055.35,1089.10,930.74,1003.26,3810099968,97465684890
2018-01-21,1155.68,1155.68,1021.50,1049.58,3378089984,101943726022
2018-01-20,1044.95,1167.11,1044.95,1155.15,3975190016,112174461242
2018-01-19,1028.82,1093.22,1003.71,1039.10,4084450048,100883462786
2018-01-18,1016.44,1100.31,967.76,1036.28,5938319872,100588318055
2018-01-17,1061.34,1090.23,780.92,1014.25,8545160192,98429091487
2018-01-16,1292.63,1292.63,875.54,1053.69,8405139968,102231295311
2018-01-15,1365.21,1390.59,1290.60,1291.92,4781100032,125319766537
2018-01-14,1397.48,1400.56,1286.21,1366.77,4841630208,132554906162
2018-01-13,1270.47,1432.88,1270.47,1396.42,5746760192,135400735922
2018-01-12,1158.29,1296.04,1120.09,1273.20,5222300160,123426938667
2018-01-11,1268.09,1337.30,1135.17,1154.93,7235899904,111937424561
2018-01-10,1300.34,1417.38,1226.60,1255.82,9214950400,121689425203
2018-01-09,1146.00,1320.98,1145.49,1299.74,7965459968,125917925182
2018-01-08,1158.26,1266.93,1016.05,1148.53,8450970112,111244629093
2018-01-07,1043.01,1153.17,1043.01,1153.17,5569880064,111670667774
2018-01-06,995.15,1060.71,994.62,1041.68,4662219776,100852102738
2018-01-05,975.75,1075.39,956.33,997.72,6683149824,96574936368
2018-01-04,961.71,1045.08,946.09,980.92,6502859776,94924308783
2018-01-03,886.00,974.47,868.45,962.72,5093159936,93146829617
2018-01-02,772.35,914.83,772.35,884.44,5783349760,85552984077
2018-01-01,755.76,782.53,742.00,772.64,2595760128,74724233458
2017-12-31,712.21,760.35,710.12,756.73,2554269952,73170170967
2017-12-30,753.82,753.82,685.23,717.26,3187780096,69338470696
2017-12-29,740.39,770.12,729.61,753.59,2648969984,72835328712
2017-12-28,762.21,763.32,701.19,737.02,2389149952,71219054808
2017-12-27,774.97,789.25,738.41,762.84,2100029952,73698377070
2017-12-26,763.37,786.79,760.93,773.84,2201159936,74744613931
2017-12-25,698.87,782.52,698.87,765.83,2491760128,73955757349
2017-12-24,721.77,721.77,614.92,694.15,2300549888,67019237420
2017-12-23,681.32,763.90,679.73,719.39,2480339968,69441297649
2017-12-22,822.64,827.68,543.76,674.86,4977710080,65129109277
2017-12-21,820.24,880.54,792.69,821.06,3569060096,79221896341
2017-12-20,827.52,845.06,756.00,819.09,3969939968,79014430828
2017-12-19,793.90,881.94,785.34,826.82,4096549888,79743740362
2017-12-18,721.73,803.93,689.23,794.65,3249230080,76623897492
2017-12-17,696.24,735.83,696.24,719.97,2147389952,69409025338
2017-12-16,686.19,718.39,680.79,696.21,2165690112,67103695920
2017-12-15,696.38,697.13,621.06,684.45,2758710016,65956174321
2017-12-14,700.59,753.12,664.99,695.82,3821580032,67036917107
2017-12-13,644.91,747.99,597.80,702.77,4524539904,67692231422
2017-12-12,522.29,657.32,504.49,651.43,5179829760,62733982232
2017-12-11,440.36,516.97,439.10,515.14,1771440000,49597927198
2017-12-10,472.79,472.79,429.51,441.72,1404179968,42520479602
2017-12-09,457.34,504.15,456.25,473.50,2003849984,45570080683
2017-12-08,434.99,466.06,422.37,456.03,2336379904,43879256076
2017-12-07,426.37,441.40,414.41,434.41,2129570048,41789848007
2017-12-06,462.60,462.71,420.21,428.59,1998259968,41220997942
2017-12-05,470.29,473.56,457.66,463.28,1216720000,44548159326
2017-12-04,466.05,474.78,453.31,470.20,1005550016,45204145125
2017-12-03,463.70,482.81,451.85,465.85,990556992,44776362724
2017-12-02,466.85,476.24,456.65,463.45,943649984,44535863933
2017-12-01,445.21,472.61,428.31,466.54,1247879936,44823457369
2017-11-30,431.21,465.50,401.24,447.11,1903040000,42947937239
2017-11-29,473.28,522.31,425.07,427.52,2675940096,41057383009
2017-11-28,480.52,482.48,466.35,472.90,1346499968,45405717909
2017-11-27,471.53,493.40,468.48,480.36,1396480000,46111561438
2017-11-26,465.97,472.72,451.61,471.33,1197779968,45235644662
2017-11-25,475.68,485.19,461.05,466.28,1422080000,44741093552
2017-11-24,412.50,480.97,402.76,474.91,2292829952,45560021462
2017-11-23,381.44,425.55,376.09,410.17,1845680000,39340408036
2017-11-22,360.31,381.42,360.15,380.65,800819008,36501878925
2017-11-21,367.44,372.47,350.69,360.40,949912000,34552559750
2017-11-20,354.09,372.14,353.29,366.73,807027008,35151847933
2017-11-19,347.40,371.29,344.74,354.39,1181529984,33961430090
2017-11-18,331.98,349.62,327.69,347.61,649638976,33305160559
2017-11-17,330.17,334.96,327.52,332.39,621732992,31840349187
2017-11-16,333.44,336.16,323.61,330.92,797254016,31692795453
2017-11-15,337.96,340.91,329.81,333.36,722665984,31919060540
2017-11-14,316.76,340.18,316.76,337.63,1069680000,32321383639
2017-11-13,307.02,328.42,307.02,316.72,1041889984,30312834756
2017-11-12,314.69,319.15,298.51,307.91,1613479936,29463540579
2017-11-11,298.59,319.45,298.19,314.68,842300992,30105285828
2017-11-10,320.67,324.72,294.54,299.25,885985984,28623188738
2017-11-09,308.64,329.45,307.06,320.88,893249984,30685584327
2017-11-08,294.27,318.70,293.10,309.07,967955968,29549552409
2017-11-07,298.57,304.84,290.77,294.66,540766016,28165778801
2017-11-06,296.43,305.42,293.72,298.89,579358976,28564296472
2017-11-05,300.04,301.37,295.12,296.26,337657984,28307052341
2017-11-04,305.48,305.48,295.80,300.47,416479008,28702737365
2017-11-03,288.50,308.31,287.69,305.71,646339968,29197317355
2017-11-02,290.73,293.91,281.17,287.43,904900992,27445442368
2017-11-01,305.76,306.40,290.58,291.69,553864000,27846764494
2017-10-31,307.38,310.55,305.88,305.88,369583008,29194751985
2017-10-30,304.78,310.50,304.35,307.75,331441984,29367079933
2017-10-29,296.38,313.76,296.38,305.09,551752000,29106827254
2017-10-28,297.92,300.36,293.58,296.30,264424000,28262202960
2017-10-27,296.51,299.26,294.06,297.42,257168992,28363439564
2017-10-26,298.02,301.07,295.22,296.53,270272992,28271925666
2017-10-25,298.44,301.85,290.72,297.92,325040000,28399185652
2017-10-24,287.12,311.96,282.66,298.33,684281024,28431576038
2017-10-23,295.10,295.75,277.58,286.95,482336000,27341319876
2017-10-22,300.55,305.50,292.81,295.45,327387008,28144794782
2017-10-21,303.57,303.93,291.77,300.19,408014016,28590314194
2017-10-20,308.05,311.44,303.49,304.01,396672992,28947916800
2017-10-19,314.54,316.71,305.83,308.09,349830016,29330304837
2017-10-18,316.94,317.24,290.64,314.32,606113984,29917084625
2017-10-17,333.48,333.48,311.79,317.08,509924000,30173609812
2017-10-16,336.71,349.35,332.04,333.38,692884992,31718200756
2017-10-15,339.53,342.72,320.43,336.60,635406976,32018244067
2017-10-14,338.85,347.98,334.70,339.63,516561984,32301459659
2017-10-13,304.08,348.60,299.66,338.76,1304359936,32213441854
2017-10-12,303.50,309.15,303.29,304.14,527556992,28916525240
2017-10-11,301.18,304.39,299.10,303.46,264146000,28847211568
2017-10-10,297.60,306.15,293.17,299.87,359705984,28501667385
2017-10-09,308.67,309.31,288.18,297.39,559467008,28261533648
2017-10-08,311.06,312.54,308.03,308.61,293167008,29322710612
2017-10-07,308.89,313.13,304.98,311.12,342204992,29557048403
2017-10-06,295.15,308.84,294.95,308.59,318664000,29311483315
2017-10-05,292.77,298.04,288.84,295.86,253747008,28098336333
2017-10-04,292.75,299.39,290.89,292.66,257906000,27789444567
2017-10-03,297.48,300.11,288.13,292.46,321680000,27766443809
2017-10-02,302.48,302.92,294.58,297.48,339443008,28237763674
2017-10-01,301.55,303.19,295.06,302.34,306184992,28694730559
2017-09-30,291.48,303.96,291.11,301.46,332439008,28607406298
2017-09-29,299.12,299.92,279.77,291.47,541374976,27654290280
2017-09-28,306.47,307.20,295.47,299.15,501894016,28379292201
2017-09-27,287.02,308.02,286.82,306.47,550243968,29068342956
2017-09-26,292.35,293.75,287.02,287.44,345800992,27259015800
2017-09-25,282.22,293.52,281.88,292.33,483160992,27718684465
2017-09-24,286.21,292.95,278.13,282.48,571411008,26780610986
2017-09-23,264.60,286.17,261.12,286.17,450934016,27125537826
2017-09-22,258.11,270.54,256.22,264.31,430080992,25049676632
2017-09-21,283.26,286.61,255.02,258.58,601265984,24502550354
2017-09-20,282.02,290.89,278.05,283.74,421404000,26881372918
2017-09-19,293.66,295.77,274.48,282.80,646908992,26787085258
2017-09-18,252.23,293.50,252.23,293.50,1127750016,27794233413
2017-09-17,245.85,257.00,235.24,251.75,427452000,23835888183
2017-09-16,250.87,262.59,238.22,246.52,711737024,23336257868
2017-09-15,215.22,258.65,195.04,250.46,1935699968,23704566170
2017-09-14,276.59,280.84,213.91,213.91,1184589952,20240633669
2017-09-13,291.12,291.12,260.61,277.11,921692032,26215830135
2017-09-12,294.63,311.20,287.23,291.46,753144000,27568017613
2017-09-11,289.74,300.69,286.68,294.53,571307008,27852586150
2017-09-10,294.06,294.76,268.97,288.75,698326016,27300089799
2017-09-09,296.17,299.89,287.22,294.40,528620992,27829435118
2017-09-08,329.64,329.64,285.16,296.50,1098780032,28021550341
2017-09-07,333.52,333.52,319.94,329.43,718624000,31127463390
2017-09-06,313.80,334.66,313.49,334.34,1058830016,31584914370
2017-09-05,297.57,318.57,268.29,312.99,1551049984,29562162666
2017-09-04,347.13,347.13,279.94,295.17,1801689984,27873682151
2017-09-03,350.23,366.49,332.23,347.48,986265984,32807142041
2017-09-02,387.82,389.35,328.10,348.98,1483600000,32942250738
2017-09-01,383.47,390.04,383.47,387.74,874222016,36593410761
2017-08-31,378.44,386.14,376.35,383.04,706254016,36142706814
2017-08-30,369.47,388.75,361.97,378.48,1333319936,35705639885
2017-08-29,347.96,373.76,347.79,370.67,1220029952,34961063278
2017-08-28,350.04,352.05,338.41,347.75,854318976,32792635350
2017-08-27,334.36,347.89,334.36,347.89,633369984,32799991739
2017-08-26,331.99,334.98,327.92,333.88,514180992,31472781162
2017-08-25,326.11,336.40,325.80,331.92,760329024,31281210162
2017-08-24,317.45,327.96,317.08,325.61,697665024,30680964300
2017-08-23,315.27,324.21,314.54,317.52,811990016,29911326162
2017-08-22,321.05,327.36,297.91,314.79,1336400000,29646659314
2017-08-21,300.48,347.05,297.23,321.59,2448969984,30280406340
2017-08-20,296.64,301.43,291.58,301.43,571947008,28375046491
2017-08-19,296.18,301.67,286.18,297.47,860201984,27995885731
2017-08-18,301.70,307.96,292.50,295.59,936160000,27812276026
2017-08-17,302.80,311.03,300.25,301.46,909494016,28357573570
2017-08-16,289.82,303.41,285.39,302.27,967643008,28426961863
2017-08-15,299.95,300.41,279.33,289.82,1051800000,27249639651
2017-08-14,298.03,306.81,296.41,300.10,864390976,28209451117
2017-08-13,310.37,310.82,289.31,298.06,1369369984,28011760531
2017-08-12,308.71,317.56,307.90,310.60,1111650048,29183139234
2017-08-11,294.49,309.21,294.49,308.86,953576000,29013166489
2017-08-10,296.96,306.59,289.93,295.89,1076819968,27788165832
2017-08-09,297.63,318.72,276.69,296.03,2638579968,27794475648
2017-08-08,269.10,298.91,266.80,296.77,1502409984,27857712299
2017-08-07,261.24,271.96,256.69,269.18,935726976,25262099071
2017-08-06,256.42,271.05,252.85,261.57,1482979968,24541904159
2017-08-05,222.85,256.51,221.95,256.51,1332999936,24061766194
2017-08-04,225.31,227.62,222.06,223.07,539782976,20920682038
2017-08-03,220.18,228.29,219.89,225.34,557217024,21128736918
2017-08-02,227.01,229.51,218.12,219.95,632606016,20618746852
2017-08-01,204.69,227.74,204.69,226.77,1585330048,21252988047
2017-07-31,197.40,203.87,193.41,203.87,569414016,19102596755
2017-07-30,206.74,208.54,196.15,197.98,596233984,18545669554
2017-07-29,193.34,208.68,179.65,205.79,824355008,19272280500
2017-07-28,204.32,204.90,192.30,193.12,562571008,18081289103
2017-07-27,204.86,206.44,201.26,204.32,393283008,19124468250
2017-07-26,207.09,210.77,194.78,203.95,717692032,19085332800
2017-07-25,224.37,225.32,195.85,206.71,1095760000,19338262506
2017-07-24,226.29,227.54,222.45,224.71,431691008,21016755177
2017-07-23,229.12,231.68,217.72,225.95,649614976,21127295409
2017-07-22,217.86,232.70,216.87,229.48,618259968,21451273566
2017-07-21,226.06,235.12,213.01,218.30,1006129984,20401709506
2017-07-20,205.42,233.90,203.22,227.26,2224999936,21233651866
2017-07-19,234.94,245.65,191.74,199.70,2328790016,18653610729
2017-07-18,195.03,267.99,182.06,234.39,2709260032,21887962776
2017-07-17,159.99,194.75,158.04,193.42,1669500032,18057735704
2017-07-16,169.57,172.01,133.72,157.36,1516889984,14687441605
2017-07-15,199.71,200.16,170.65,170.65,810451968,15923953593
2017-07-14,209.53,211.10,187.37,199.66,749382016,18625794688
2017-07-13,231.81,231.81,200.07,209.73,828489024,19560300930
2017-07-12,197.15,230.77,189.59,230.77,1241190016,21517152174
2017-07-11,211.52,220.29,183.39,197.40,1440950016,18401040701
2017-07-10,243.01,243.07,196.96,215.36,937219008,20069373698
2017-07-09,251.82,255.10,242.14,242.14,505118016,22559120946
2017-07-08,245.89,273.48,236.55,251.70,754958016,23443013086
2017-07-07,270.35,273.94,244.17,245.99,687251968,22900134646
2017-07-06,268.86,278.48,265.51,270.55,623080000,25179348911
2017-07-05,273.10,275.13,261.45,268.77,790256000,25011710285
2017-07-04,282.19,287.39,273.11,273.30,687691008,25425860777
2017-07-03,288.41,291.10,281.18,282.90,851408000,26310761677
2017-07-02,275.12,295.51,262.52,287.99,1123330048,26776243984
2017-07-01,293.35,293.75,268.62,274.60,1089200000,25524313603
2017-06-30,303.15,315.17,288.44,294.92,1011800000,27404731861
2017-06-29,328.37,330.71,297.37,302.88,1508579968,28136918558
2017-06-28,293.04,333.10,276.41,327.93,2056550016,30454577323
2017-06-27,272.69,293.09,227.14,293.09,1973869952,27211279055
2017-06-26,302.95,311.46,238.65,272.69,2081810048,25309759968
2017-06-25,323.47,332.79,284.65,303.25,1186880000,28138409364
2017-06-24,341.63,343.62,322.09,323.70,673585024,30027238696
2017-06-23,336.48,348.01,334.99,341.74,593206976,31691908924
2017-06-22,337.73,342.03,330.62,336.37,925766976,31185326164
2017-06-21,359.54,361.34,319.48,336.87,1420130048,31222823000
2017-06-20,370.33,377.97,350.94,359.01,1020390016,33260958885
2017-06-19,371.86,377.11,369.76,370.06,685171968,34278915230
2017-06-18,379.52,390.58,368.84,371.46,904702976,34398150201
2017-06-17,369.88,379.41,364.00,379.41,904652992,35124053707
2017-06-16,361.18,373.05,341.42,370.23,1096280064,34263095462
2017-06-15,358.51,364.44,300.70,361.93,2463450112,33485258152
2017-06-14,397.59,399.32,342.21,359.05,1272579968,33208658542
2017-06-13,395.69,411.18,370.06,397.54,1717379968,36756801123
2017-06-12,341.16,414.76,341.16,401.49,2882650112,37110948644
2017-06-11,338.79,353.01,318.17,340.61,1373219968,31473965821
2017-06-10,282.01,350.26,282.01,337.67,1611629952,31192780483
2017-06-09,261.75,282.76,261.75,281.74,557985984,26018098658
2017-06-08,257.99,262.25,253.98,261.67,385494016,24157329921
2017-06-07,264.26,264.67,254.04,258.07,461648992,23818300202
2017-06-06,248.60,267.51,246.84,264.47,741553024,24401181121
2017-06-05,245.26,249.47,243.05,248.46,435660000,22917910489
2017-06-04,224.12,250.41,223.98,245.33,753820032,22622207553
2017-06-03,223.46,225.97,219.42,224.38,427896000,20683715605
2017-06-02,222.29,229.41,219.58,223.77,469532000,20622162299
2017-06-01,230.89,236.22,214.48,222.24,812924032,20474652879
2017-05-31,231.58,236.96,215.57,230.67,1271600000,21244817139
2017-05-30,195.61,233.71,189.29,231.91,1586669952,21352550184
2017-05-29,170.13,197.13,164.53,194.91,718828032,17939882189
2017-05-28,158.82,179.93,157.60,170.51,717971008,15689192548
2017-05-27,159.82,166.95,120.44,157.76,1217059968,14511207045
2017-05-26,175.22,193.69,150.28,160.40,792457984,14749889600
2017-05-25,189.85,210.98,170.51,174.45,943636992,16036165877
2017-05-24,182.65,228.37,182.45,190.05,561014016,17464735543
2017-05-23,170.82,183.55,169.93,181.95,530708992,16715702521
2017-05-22,158.17,201.75,152.47,174.26,1188909952,16004156112
2017-05-21,127.54,159.03,125.89,157.94,570361024,14500421529
2017-05-20,129.22,133.64,124.70,126.52,331455008,11612447946
2017-05-19,97.05,133.56,97.05,129.53,626945024,11884632930
2017-05-18,89.84,97.37,89.84,96.91,196236992,8888797357
2017-05-17,89.25,91.27,84.43,89.86,183031008,8239948169
2017-05-16,92.39,93.56,89.12,89.44,152284992,8198722531
2017-05-15,90.78,95.43,86.83,92.41,170999008,8468960166
2017-05-14,90.87,91.25,89.61,90.79,66046600,8317148601
2017-05-13,88.69,93.81,86.66,90.84,88742200,8319066651
2017-05-12,89.43,93.12,88.66,88.66,145824992,8116816184
2017-05-11,89.77,102.55,88.48,89.88,132722000,8226220249
2017-05-10,91.15,92.85,85.29,89.52,145602000,8191083680
2017-05-09,91.23,93.06,80.39,91.16,363433984,8338258352
2017-05-08,93.75,95.14,89.51,91.42,231344000,8359085414
2017-05-07,97.87,98.24,89.87,94.01,183295008,8592854298
2017-05-06,94.91,97.88,90.95,97.81,151462000,8937843151
2017-05-05,96.73,103.23,92.22,94.40,331928000,8622992171
2017-05-04,79.72,97.56,79.43,96.98,366847008,8856050446
2017-05-03,77.25,80.10,75.76,79.72,141922000,7277279246
2017-05-02,76.65,79.35,74.38,77.26,193772992,7050941746
2017-05-01,79.32,82.52,73.09,76.30,376841984,6960466482
2017-04-30,68.54,79.02,68.35,79.02,229944992,7206669917
2017-04-29,71.39,71.90,66.78,68.38,165448000,6233911088
2017-04-28,62.23,70.85,62.13,70.16,346545984,6394355247
2017-04-27,52.81,62.17,52.29,62.17,246775008,5664157655
2017-04-26,49.91,53.44,49.91,52.72,104884000,4801851008
2017-04-25,50.07,50.30,49.81,49.89,38264600,4542708761
2017-04-24,48.87,50.18,48.87,50.03,55580600,4553943109
2017-04-23,48.59,48.89,48.17,48.49,36234000,4412126295
2017-04-22,48.18,48.74,48.17,48.55,37357600,4416442028
2017-04-21,49.64,49.66,48.14,48.22,45048300,4385105012
2017-04-20,48.13,49.99,48.13,49.67,79600896,4515241563
2017-04-19,50.73,50.95,47.26,48.31,76281000,4389519738
2017-04-18,48.32,51.03,48.30,50.71,78748496,4606307174
2017-04-17,48.66,48.75,48.05,48.30,44013300,4386552041
2017-04-16,49.04,49.14,48.19,48.72,31343800,4422644315
2017-04-15,47.65,49.57,47.18,49.10,66207800,4455916490
2017-04-14,49.97,50.05,46.76,47.57,91674400,4315878957
2017-04-13,46.31,50.91,46.31,50.22,157200000,4554299452
2017-04-12,43.46,47.23,43.11,46.29,88045696,4196302994
2017-04-11,43.50,44.25,43.30,43.41,38303300,3933886291
2017-04-10,43.28,44.14,42.42,43.44,44061500,3935103268
2017-04-09,44.28,44.49,42.89,43.27,55143000,3918563431
2017-04-08,41.80,45.21,41.73,44.31,74138800,4011422381
2017-04-07,42.87,44.04,41.65,42.16,81474704,3815963046
2017-04-06,45.22,45.64,40.90,43.24,147120000,3912317959
2017-04-05,44.66,47.84,44.54,45.30,119733000,4097477788
2017-04-04,43.92,45.74,41.72,44.64,157568000,4036201194
2017-04-03,48.82,48.82,43.41,44.36,190512992,4009009196
2017-04-02,50.74,51.27,45.43,48.75,134604000,4404475423
2017-04-01,50.03,51.93,48.88,50.70,92461904,4579187936
2017-03-31,51.75,51.77,47.38,50.04,151416000,4517835716
2017-03-30,53.12,53.31,51.87,52.21,86885696,4711996588
2017-03-29,50.57,53.87,50.55,53.13,144998000,4793424049
2017-03-28,49.71,50.96,49.15,50.77,97745296,4579693493
2017-03-27,51.31,52.46,48.93,49.67,118978000,4478238274
2017-03-26,50.77,51.80,49.28,50.52,106859000,4553738462
2017-03-25,53.58,53.58,48.31,51.25,223059008,4617794703
2017-03-24,43.64,54.14,43.21,53.11,297046016,4783511280
2017-03-23,42.57,44.75,41.30,43.68,100724000,3932863932
2017-03-22,43.12,43.52,39.69,42.34,113952000,3811229796
2017-03-21,43.51,44.26,42.37,43.15,91265400,3882154700
2017-03-20,44.83,46.23,42.44,43.39,154700992,3902862599
2017-03-19,35.53,47.00,35.34,44.74,239430000,4022867100
2017-03-18,46.87,46.87,31.70,34.16,262180000,3070500515
2017-03-17,45.93,55.11,38.21,46.83,497534016,4207676009
2017-03-16,35.36,47.17,35.36,46.35,454417984,4162873752
2017-03-15,28.65,35.06,28.43,35.06,170344000,3147689118
2017-03-14,28.57,29.93,27.32,28.65,101797000,2572014998
2017-03-13,23.50,30.60,23.50,28.59,255488000,2565583285
2017-03-12,21.46,23.44,21.38,23.44,74628896,2102276260
2017-03-11,19.37,21.59,19.01,21.47,69150096,1925342939
2017-03-10,17.74,19.66,17.68,19.33,87506800,1732837145
2017-03-09,16.64,17.87,16.37,17.75,31418400,1590879625
2017-03-08,18.88,18.88,16.65,16.65,44304600,1491498830
2017-03-07,19.58,19.63,18.64,18.89,37972200,1691307055
2017-03-06,19.28,20.10,19.11,19.61,32432700,1754907794
2017-03-05,18.50,19.42,18.23,19.30,26816300,1727148626
2017-03-04,19.52,20.06,18.62,18.62,27341900,1665411583
2017-03-03,19.04,20.67,18.41,19.46,95863400,1739949803
2017-03-02,17.36,19.35,16.95,19.03,83627104,1701011948
2017-03-01,15.85,17.37,15.56,17.35,44927500,1550251865
2017-02-28,15.45,16.06,15.12,15.82,65478900,1412825288
2017-02-27,14.51,15.68,14.27,15.40,31667000,1374757041
2017-02-26,13.52,14.54,13.40,14.52,20307500,1296040794
2017-02-25,13.06,13.72,12.98,13.55,18533900,1208911983
2017-02-24,13.13,13.23,12.88,13.07,19574400,1165715765
2017-02-23,12.60,13.21,12.56,13.12,14522300,1169783161
2017-02-22,12.69,12.76,12.55,12.60,10360900,1123050433
2017-02-21,12.34,12.77,12.21,12.67,15183300,1128781640
2017-02-20,12.77,12.90,12.43,12.43,12994400,1107158285
2017-02-19,12.82,12.87,12.71,12.76,7799740,1136008890
2017-02-18,12.71,12.83,12.68,12.81,9370010,1140211197
2017-02-17,12.90,12.91,12.66,12.68,11636500,1127915204
2017-02-16,12.92,12.92,12.54,12.90,38002600,1147726668
2017-02-15,13.04,13.04,12.64,12.92,18464700,1148742628
2017-02-14,11.29,13.33,11.29,13.03,42911500,1157709435
2017-02-13,11.38,11.39,11.17,11.27,7216520,1001304093
2017-02-12,11.35,11.40,11.30,11.40,6264900,1012466457
2017-02-11,11.29,11.43,11.24,11.35,7544520,1007694076
2017-02-10,11.05,11.34,10.78,11.28,11914200,1001069228
2017-02-09,11.44,11.60,10.67,11.03,18400300,978825690
2017-02-08,11.54,11.63,11.24,11.43,9688630,1013867331
2017-02-07,11.43,11.61,11.41,11.52,7629640,1020961130
2017-02-06,11.35,11.48,11.34,11.39,5695440,1009440330
2017-02-05,11.44,11.49,11.32,11.35,5942960,1005855021
2017-02-04,11.13,11.50,11.13,11.43,14139500,1012625893
2017-02-03,10.81,11.11,10.76,11.11,12897800,984019776
2017-02-02,10.74,10.89,10.55,10.82,10172500,957731836
2017-02-01,10.74,10.85,10.56,10.73,12852200,949491718
2017-01-31,10.56,10.75,10.55,10.73,11648700,948748952
2017-01-30,10.49,10.71,10.47,10.57,8042180,934593362
2017-01-29,10.56,10.57,10.45,10.48,4689950,926548657
2017-01-28,10.54,10.58,10.43,10.56,6580700,933378690
2017-01-27,10.58,10.61,10.44,10.54,7189170,930599699
2017-01-26,10.57,10.67,10.51,10.59,8465020,934844928
2017-01-25,10.62,10.62,10.48,10.57,6751450,932866678
2017-01-24,10.73,10.77,10.57,10.63,8327330,938004330
2017-01-23,10.71,10.84,10.67,10.82,7267210,954275900
2017-01-22,10.91,10.97,10.58,10.70,8678620,943567856
2017-01-21,10.60,10.98,10.58,10.91,11937600,961383820
2017-01-20,10.39,10.76,10.35,10.60,10992800,933854252
2017-01-19,10.24,10.44,10.18,10.40,8347550,915611849
2017-01-18,10.30,10.52,9.94,10.23,10788200,900365728
2017-01-17,9.64,10.61,9.54,10.30,18391900,906597925
2017-01-16,9.88,9.93,9.58,9.64,14937400,847706513
2017-01-15,9.83,10.00,9.60,9.90,14837900,870948977
2017-01-14,9.79,9.89,9.44,9.65,20085800,847990590
2017-01-13,9.83,9.85,9.51,9.77,25066600,858481082
2017-01-12,9.72,10.08,9.18,9.86,30453800,866237622
2017-01-11,10.54,10.66,9.46,9.72,26823500,853319722
2017-01-10,10.37,10.69,10.29,10.55,10879700,926031183
2017-01-09,10.31,10.78,10.14,10.33,25718300,906044584
2017-01-08,9.87,10.39,9.83,10.29,16676600,902576769
2017-01-07,10.24,10.28,9.59,9.87,23153600,865194523
2017-01-06,10.29,10.63,9.63,10.25,29471800,898845928
2017-01-05,11.29,11.89,9.40,10.25,41557400,898497892
2017-01-04,9.71,11.28,9.56,11.25,41051200,985515893
2017-01-03,8.37,10.00,8.32,9.73,33625200,851512055
2017-01-02,8.17,8.44,8.05,8.38,14579600,733331654
2017-01-01,7.98,8.47,7.98,8.17,14731700,715049208
2016-12-31,8.15,8.16,7.91,7.97,9066800,696993600
2016-12-30,8.29,8.47,8.05,8.16,13909900,713433620
2016-12-29,7.54,8.53,7.54,8.28,27543800,724028107
2016-12-28,7.15,7.62,7.08,7.52,17453300,657011884
2016-12-27,7.28,7.32,7.09,7.17,8778610,626268701
2016-12-26,7.13,7.33,7.05,7.27,5836810,635060699
2016-12-25,7.26,7.34,7.14,7.18,8671840,626189631
2016-12-24,7.15,7.41,7.15,7.27,7626020,633871896
2016-12-23,7.58,7.69,7.16,7.17,19613100,624956487
2016-12-22,7.90,7.91,7.50,7.59,16376700,661247899
2016-12-21,7.66,7.94,7.66,7.91,9393550,689718972
2016-12-20,7.63,7.75,7.57,7.66,6313550,667309961
2016-12-19,7.87,7.87,7.63,7.64,5894760,665654987
2016-12-18,7.86,7.93,7.72,7.87,5890020,684696555
2016-12-17,7.86,7.90,7.52,7.88,8502620,685426528
2016-12-16,7.86,7.93,7.80,7.86,5178610,683575806
2016-12-15,8.24,8.24,7.72,7.83,13184400,680740349
2016-12-14,8.45,8.52,8.25,8.27,7337220,718460239
2016-12-13,8.52,8.53,8.35,8.42,4486190,731892846
2016-12-12,8.19,8.61,8.17,8.52,9119700,740255866
2016-12-11,8.13,8.27,8.10,8.19,5545500,711457159
2016-12-10,8.44,8.53,8.02,8.13,8108370,705254561
2016-12-09,8.17,8.67,8.05,8.45,12916300,732836297
2016-12-08,8.38,8.86,8.23,8.23,16042700,713877391
2016-12-07,7.89,8.54,7.33,8.38,22229600,726702380
2016-12-06,6.80,7.92,5.98,7.87,50671200,682013454
2016-12-05,7.41,7.64,6.66,6.82,17344500,591026579
2016-12-04,7.90,7.95,7.44,7.44,8450790,644685715
2016-12-03,7.77,8.15,7.67,7.92,12112100,685808136
2016-12-02,8.46,8.46,7.42,7.76,18579800,671587252
2016-12-01,8.60,8.65,8.36,8.45,5882340,731254342
2016-11-30,8.16,8.75,8.16,8.59,10626600,742664775
2016-11-29,8.73,8.74,7.88,8.17,17000400,706651179
2016-11-28,9.00,9.01,8.72,8.72,6046890,753971438
2016-11-27,9.31,9.33,8.78,9.00,8707660,777313922
2016-11-26,9.42,9.50,9.31,9.33,3505990,805474198
2016-11-25,9.23,9.75,9.21,9.40,7669720,811553949
2016-11-24,9.85,9.85,8.93,9.23,15987800,796538442
2016-11-23,9.92,9.96,9.76,9.84,4812310,849020680
2016-11-22,9.63,10.24,9.59,9.91,11284400,854053528
2016-11-21,9.58,9.64,9.54,9.62,3663210,829190391
2016-11-20,9.66,9.71,9.52,9.58,5173420,825305262
2016-11-19,9.48,9.75,9.48,9.66,5186540,832183861
2016-11-18,9.99,10.01,9.48,9.48,10816100,815806832
2016-11-17,10.06,10.19,9.92,9.99,6984700,859814328
2016-11-16,10.22,10.33,9.93,10.06,9533550,865349966
2016-11-15,9.97,10.32,9.85,10.22,6557550,878653067
2016-11-14,10.10,10.16,9.96,9.97,3573250,856753361
2016-11-13,9.89,10.41,9.84,10.10,8227770,868038290
2016-11-12,10.29,10.34,9.70,9.88,10052500,848509382
2016-11-11,10.51,10.57,10.26,10.29,6056300,883565427
2016-11-10,10.67,10.68,10.51,10.52,4253980,903380024
2016-11-09,10.82,10.83,10.22,10.66,14606600,914292103
2016-11-08,10.85,10.92,10.74,10.83,6258150,929246807
2016-11-07,10.90,10.96,10.78,10.81,5992480,926761430
2016-11-06,10.99,11.25,10.85,10.87,5688710,931947467
2016-11-05,11.09,11.24,10.88,11.00,5502670,942653972
2016-11-04,10.82,11.12,10.82,11.09,9958040,949862035
2016-11-03,10.80,11.11,10.76,10.80,15228600,924716659
2016-11-02,10.77,11.16,10.69,10.75,11691700,920236997
2016-11-01,10.96,11.18,10.30,10.77,22901300,921057444
2016-10-31,11.23,11.50,10.94,11.00,13393900,940578264
2016-10-30,10.43,11.45,10.29,11.18,16694900,956007454
2016-10-29,11.10,11.20,9.56,10.44,27070400,892565736
2016-10-28,11.47,11.58,10.95,11.09,13971500,946972469
2016-10-27,11.53,11.61,11.26,11.50,13255400,982033774
2016-10-26,11.38,11.66,11.38,11.53,10221800,984429110
2016-10-25,11.97,11.99,11.15,11.41,19316000,973991742
2016-10-24,12.04,12.10,11.91,11.97,5739690,1020971991
2016-10-23,12.13,12.14,11.94,12.04,5774660,1026301229
2016-10-22,12.18,12.19,11.95,12.07,7583820,1028949804
2016-10-21,12.13,12.21,12.02,12.18,5676920,1037420190
2016-10-20,12.05,12.29,12.00,12.10,8170760,1030522234
2016-10-19,12.59,12.62,11.91,12.02,10576200,1023599502
2016-10-18,12.00,12.93,12.00,12.59,18864200,1071362741
2016-10-17,11.96,12.03,11.86,12.01,5724440,1021302744
2016-10-16,11.98,12.01,11.93,11.95,3617280,1016373308
2016-10-15,11.94,12.00,11.78,11.98,4991840,1018682988
2016-10-14,11.99,12.07,11.90,11.94,4333510,1014456176
2016-10-13,11.91,12.13,11.78,11.96,8665190,1016169767
2016-10-12,11.78,12.07,11.71,11.93,9694640,1013248317
2016-10-11,11.76,12.16,11.75,11.79,11727700,1000308761
2016-10-10,12.06,12.06,11.62,11.76,10809200,997363895
2016-10-09,12.22,12.36,11.98,12.05,7208480,1022264082
2016-10-08,12.67,12.69,12.05,12.22,11611200,1035883228
2016-10-07,12.85,12.99,12.53,12.67,8933050,1073405275
2016-10-06,13.03,13.14,12.69,12.85,12044800,1088798918
2016-10-05,13.28,13.35,13.04,13.04,9881370,1103736600
2016-10-04,13.45,13.53,13.21,13.28,8348280,1123727868
2016-10-03,13.20,13.49,13.19,13.45,7458320,1138142255
2016-10-02,13.18,13.30,13.14,13.20,4079660,1116323115
2016-10-01,13.20,13.31,13.05,13.17,6331160,1113568557
2016-09-30,13.08,13.34,13.02,13.22,5950840,1117517388
2016-09-29,13.28,13.34,13.07,13.07,5990630,1104310043
2016-09-28,13.11,13.48,13.08,13.27,10239000,1120893441
2016-09-27,12.86,13.21,12.86,13.10,6831070,1105565483
2016-09-26,13.17,13.17,12.74,12.82,7213070,1081884909
2016-09-25,12.85,13.11,12.80,13.10,5283440,1104901553
2016-09-24,13.32,13.34,12.68,12.88,9824880,1085651021
2016-09-23,13.21,13.45,13.10,13.33,9166430,1123430818
2016-09-22,13.66,13.66,12.48,13.25,27382800,1115922936
2016-09-21,14.43,14.43,13.17,13.77,28645000,1159365902
2016-09-20,13.21,14.43,13.12,14.43,31929100,1214629780
2016-09-19,12.44,13.19,12.42,13.19,13838800,1109717807
2016-09-18,12.69,12.99,12.16,12.43,22433300,1045462817
2016-09-17,12.56,12.76,12.44,12.70,7446610,1067645133
2016-09-16,11.96,12.75,11.90,12.56,17421500,1055235487
2016-09-15,11.94,12.14,11.92,11.94,7309090,1002844845
2016-09-14,11.90,12.00,11.86,11.92,5694820,1001301306
2016-09-13,11.89,12.09,11.88,11.92,11704300,1000535934
2016-09-12,11.64,11.95,11.61,11.89,7478080,998057810
2016-09-11,12.21,12.21,11.59,11.64,8791180,976259356
2016-09-10,11.66,12.22,11.54,12.17,7220300,1020331771
2016-09-09,11.41,11.68,11.39,11.65,6109200,976718524
2016-09-08,11.55,11.70,11.25,11.35,11535000,950629714
2016-09-07,11.69,11.73,11.52,11.55,6115050,967186182
2016-09-06,11.73,11.73,11.47,11.69,6346330,978635238
2016-09-05,11.68,11.81,11.59,11.72,5724100,980599518
2016-09-04,11.75,11.79,11.47,11.68,7220550,977118527
2016-09-03,12.11,12.36,11.35,11.76,13358800,983336326
2016-09-02,11.96,12.31,11.88,12.11,9368300,1012583470
2016-09-01,11.67,12.58,11.65,11.99,24051500,1002322694
2016-08-31,11.24,11.68,11.18,11.67,11073700,975003119
2016-08-30,10.99,11.30,10.96,11.23,7221260,937596563
2016-08-29,10.92,11.15,10.79,10.98,8130540,916781161
2016-08-28,11.15,11.15,10.92,10.93,5303040,911883241
2016-08-27,11.29,11.29,11.14,11.15,15108400,929789646
2016-08-26,11.35,11.45,11.21,11.30,5857850,941701926
2016-08-25,11.03,11.39,11.02,11.36,8552380,946508890
2016-08-24,11.02,11.15,11.01,11.04,4423420,919368975
2016-08-23,11.14,11.23,10.90,11.03,6489380,918563334
2016-08-22,11.19,11.34,11.07,11.12,6588920,925725247
2016-08-21,11.25,11.25,10.99,11.18,4355660,930217061
2016-08-20,10.75,11.30,10.75,11.25,7443540,935523908
2016-08-19,10.75,10.80,10.73,10.75,5390850,893697474
2016-08-18,10.75,11.01,10.74,10.76,6935800,893970119
2016-08-17,11.13,11.15,10.75,10.75,8833760,893343056
2016-08-16,11.23,11.24,11.00,11.14,7051510,925130735
2016-08-15,11.20,11.31,11.00,11.22,7500840,931306989
2016-08-14,11.58,11.69,11.10,11.19,8680160,928985642
2016-08-13,11.77,11.79,11.51,11.57,7539490,959859186
2016-08-12,11.69,12.04,11.64,11.78,13690100,976670290
2016-08-11,12.14,12.27,11.63,11.69,17505000,969030731
2016-08-10,12.23,12.46,11.98,12.14,28096300,1006130318
2016-08-09,11.27,12.45,11.20,12.24,36656600,1014113084
2016-08-08,10.91,11.33,10.86,11.25,14956700,931013385
2016-08-07,10.86,11.09,10.78,10.91,16551000,903026897
2016-08-06,10.92,10.94,10.29,10.88,16712600,900151688
2016-08-05,11.02,11.18,10.76,10.93,15487900,903471435
2016-08-04,10.31,11.29,10.16,11.04,38151400,912823135
2016-08-03,8.88,10.42,8.88,10.29,53979400,850578647
2016-08-02,10.95,11.14,8.20,8.79,88803296,725809584
2016-08-01,11.89,12.01,10.94,10.94,23999500,903408507
2016-07-31,12.44,12.51,11.55,11.88,25441400,980174931
2016-07-30,12.80,12.80,12.46,12.46,9047810,1028064459
2016-07-29,12.84,12.87,12.55,12.79,14082300,1055182413
2016-07-28,12.98,12.99,12.49,12.84,24603900,1058813509
2016-07-27,12.05,13.31,11.84,12.97,58278800,1069044527
2016-07-26,13.82,13.85,11.73,11.99,94428800,987619812
2016-07-25,12.74,13.86,12.68,13.84,36673800,1139304848
2016-07-24,14.30,14.44,12.32,12.75,77750800,1049423539
2016-07-23,14.67,14.90,14.05,14.30,32489700,1176571490
2016-07-22,12.66,14.81,12.54,14.66,74779504,1205898353
2016-07-21,12.46,12.71,11.99,12.65,24636900,1040082090
2016-07-20,11.59,12.99,11.57,12.45,60226100,1023222624
2016-07-19,11.05,12.01,11.01,11.62,21730000,954516828
2016-07-18,11.17,11.61,10.95,11.03,15931900,906133047
2016-07-17,11.62,11.67,11.01,11.16,17921600,915977475
2016-07-16,11.92,11.94,11.59,11.65,10445700,956165958
2016-07-15,11.50,12.43,11.49,11.95,26838900,980299532
2016-07-14,10.60,11.68,10.60,11.51,23621900,943973547
2016-07-13,10.51,10.59,10.40,10.50,6715660,860607720
2016-07-12,10.45,10.76,10.43,10.52,11127700,861548337
2016-07-11,10.94,11.01,10.26,10.46,13098000,856538034
2016-07-10,10.96,11.01,10.78,10.95,5479240,896201853
2016-07-09,11.42,11.46,10.73,10.97,17254800,897316512
2016-07-08,10.12,11.52,9.96,11.39,20039800,932056896
2016-07-07,10.54,10.57,9.80,10.11,15407200,826607193
2016-07-06,10.58,11.11,10.28,10.53,18137300,860571470
2016-07-05,11.46,11.52,9.58,10.61,45526900,866971680
2016-07-04,11.70,11.88,11.39,11.47,12943500,936840410
2016-07-03,12.12,12.15,11.59,11.72,10588700,956815986
2016-07-02,12.22,12.22,11.95,12.13,8987070,989751702
2016-07-01,12.44,12.49,11.73,12.20,17236500,995164390
2016-06-30,12.60,12.74,12.25,12.46,15801300,1016130567
2016-06-29,12.17,13.04,11.69,12.61,26982800,1027934140
2016-06-28,13.93,13.98,11.72,12.18,43436600,992040075
2016-06-27,13.81,14.12,13.75,13.88,10994700,1130782777
2016-06-26,14.26,14.37,13.66,13.85,14747600,1127593040
2016-06-25,14.30,14.58,14.02,14.28,15383100,1162367709
2016-06-24,13.68,14.57,13.22,14.33,33332900,1165908840
2016-06-23,13.22,13.79,12.56,13.68,30806400,1112111665
2016-06-22,13.20,15.79,13.10,13.10,96994096,1064441461
2016-06-21,11.82,13.42,11.29,13.31,69245600,1081206507
2016-06-20,12.24,12.45,10.52,11.84,58143600,961613934
2016-06-19,11.17,13.18,10.64,12.23,69783600,993283674
2016-06-18,15.38,15.38,9.96,11.33,133937000,919553125
2016-06-17,20.65,21.52,13.57,15.38,199408000,1247381862
2016-06-16,18.36,20.83,18.36,20.59,38531000,1669490450
2016-06-15,18.91,18.91,17.71,18.35,19393400,1487730475
2016-06-14,17.61,19.27,17.30,18.89,64412200,1530808958
2016-06-13,15.77,17.64,15.72,17.60,38023400,1425681023
2016-06-12,14.19,15.90,14.19,15.74,38210300,1274609697
2016-06-11,13.91,14.19,13.72,14.19,12176500,1148494818
2016-06-10,14.38,14.43,13.82,13.91,11312900,1125141726
2016-06-09,14.43,14.57,14.34,14.40,8256830,1164331165
2016-06-08,14.51,14.78,14.28,14.42,16941800,1165411416
2016-06-07,13.95,14.51,13.81,14.51,21421600,1172565099
2016-06-06,14.00,14.06,13.73,13.93,8720400,1125426017
2016-06-05,13.76,14.07,13.57,13.98,11088400,1128276672
2016-06-04,13.86,13.95,13.42,13.74,15792400,1108902326
2016-06-03,13.74,13.87,13.25,13.85,22981500,1117035879
2016-06-02,13.99,14.05,13.63,13.74,10477200,1107823663
2016-06-01,14.11,14.32,13.44,14.00,22471300,1128621280
2016-05-31,12.74,14.27,12.64,14.08,42433400,1134278934
2016-05-30,12.33,12.88,12.27,12.73,14733800,1024940354
2016-05-29,12.11,12.69,11.78,12.35,28598400,994349367
2016-05-28,11.33,12.36,10.37,11.89,47274800,957134590
2016-05-27,12.39,12.39,10.50,11.30,57496400,908715671
2016-05-26,12.52,12.99,12.06,12.43,20764000,999589702
2016-05-25,12.79,12.90,11.77,12.53,27444700,1006875564
2016-05-24,13.31,13.77,12.01,12.73,41560600,1023046506
2016-05-23,14.28,14.49,13.19,13.46,23842800,1081207347
2016-05-22,14.04,14.35,13.77,14.29,17938900,1146979484
2016-05-21,13.69,14.05,13.12,14.02,24648400,1124761560
2016-05-20,14.85,15.05,13.38,13.64,50544100,1093879433
2016-05-19,13.54,14.87,13.34,14.77,53757500,1184385765
2016-05-18,12.18,14.26,12.18,13.56,65389900,1086834954
2016-05-17,11.19,12.49,11.15,12.20,37198700,977439936
2016-05-16,9.97,11.44,9.97,11.17,29079900,894750992
2016-05-15,10.24,10.44,9.93,9.96,9218400,797607883
2016-05-14,10.51,10.61,9.81,10.24,18808000,819487228
2016-05-13,10.06,11.05,10.02,10.51,31276900,840514936
2016-05-12,10.00,10.51,9.86,10.06,24137700,804287196
2016-05-11,9.43,10.01,9.39,10.00,15267500,799045673
2016-05-10,9.28,9.48,9.26,9.36,9321790,748013846
2016-05-09,9.49,9.64,9.20,9.30,13085300,742621899
2016-05-08,9.37,9.60,8.93,9.48,15031000,757112769
2016-05-07,9.32,9.48,9.21,9.37,10806500,747838842
2016-05-06,9.81,9.95,9.04,9.35,21510600,745638476
2016-05-05,9.40,10.05,9.29,9.83,18296200,783576042
2016-05-04,9.38,10.03,9.27,9.41,17622400,750396087
2016-05-03,10.17,10.17,9.28,9.31,21463900,741932869
2016-05-02,8.89,10.32,8.85,10.16,41019200,809492236
2016-05-01,8.78,9.01,8.43,8.85,16713800,704335725
2016-04-30,7.45,9.37,7.45,8.81,36573300,701473017
2016-04-29,7.21,7.73,7.17,7.46,8762080,593261114
2016-04-28,7.74,7.91,7.17,7.17,11576000,570380061
2016-04-27,7.39,7.97,7.32,7.76,19254500,616849026
2016-04-26,7.53,7.55,7.06,7.40,17667300,587763650
2016-04-25,8.01,8.09,7.24,7.55,18239900,600026226
2016-04-24,8.29,8.47,7.96,8.00,10786400,635274078
2016-04-23,7.79,8.55,7.74,8.29,14565200,658310822
2016-04-22,8.15,8.27,7.67,7.82,13309300,620481616
2016-04-21,8.45,8.72,7.96,8.10,13355400,642511137
2016-04-20,8.69,8.83,8.31,8.47,15634700,671081004
2016-04-19,9.08,9.31,8.60,8.71,12899100,690548723
2016-04-18,9.33,9.51,8.50,9.04,21084100,715710193
2016-04-17,8.62,9.70,8.56,9.31,24619600,737045140
2016-04-16,8.24,8.65,8.11,8.61,9888460,681383666
2016-04-15,8.39,8.62,8.10,8.24,12179000,652099781
2016-04-14,8.08,8.76,8.02,8.39,13590700,663262434
2016-04-13,7.44,8.72,7.07,8.04,31403300,635899507
2016-04-12,8.64,8.64,7.15,7.44,23190100,588069234
2016-04-11,8.94,8.95,8.00,8.64,15138100,682735835
2016-04-10,9.15,9.22,7.46,8.94,42613400,705565730
2016-04-09,9.69,10.09,9.07,9.15,16194800,722193576
2016-04-08,10.08,10.39,9.66,9.72,14660600,766797893
2016-04-07,10.70,10.81,9.95,10.07,13464500,794097554
2016-04-06,10.45,10.97,10.28,10.69,16997100,842318789
2016-04-05,11.21,11.21,10.13,10.44,20557300,822498173
2016-04-04,11.62,11.62,11.02,11.16,9599070,878817015
2016-04-03,11.63,11.71,11.51,11.62,5580550,914757199
2016-04-02,11.63,11.69,11.40,11.60,8682620,912861404
2016-04-01,11.40,11.85,11.40,11.66,11373100,917590806
2016-03-31,11.92,12.01,11.32,11.40,14966700,896764774
2016-03-30,11.61,12.18,11.47,11.95,19351200,939593767
2016-03-29,11.75,11.91,11.35,11.66,17684200,915917612
2016-03-28,10.43,11.86,10.41,11.67,23188300,916272916
2016-03-27,10.99,11.05,10.11,10.42,16744800,818048967
2016-03-26,10.77,11.18,10.59,10.97,9425480,861261383
2016-03-25,11.26,11.37,10.53,10.74,13782000,842804289
2016-03-24,12.44,12.50,10.80,11.23,26081800,881027910
2016-03-23,11.33,12.43,11.24,12.42,19353200,973296475
2016-03-22,11.88,12.03,11.18,11.27,19730300,883434497
2016-03-21,10.30,12.01,10.16,11.86,28572600,928428770
2016-03-20,10.52,10.90,9.57,10.32,17651100,807256577
2016-03-19,11.20,11.20,9.78,10.53,26735700,823422650
2016-03-18,11.11,11.18,8.52,11.00,53956800,859618881
2016-03-17,12.56,12.64,10.44,11.08,41650600,865792703
2016-03-16,13.02,13.73,12.50,12.52,24335500,974447125
2016-03-15,13.00,13.20,12.05,13.01,28404500,1012119266
2016-03-14,14.51,15.01,11.58,12.45,58385100,968384041
2016-03-13,13.51,15.26,13.47,14.48,43915100,1125287882
2016-03-12,11.13,13.53,11.09,13.53,48957300,1051728778
2016-03-11,11.22,11.60,10.39,11.08,21002700,861012043
2016-03-10,11.88,12.24,10.99,11.31,26851500,877988473
2016-03-09,9.79,12.05,9.67,11.90,27540500,923733301
2016-03-08,9.58,10.17,8.82,9.85,25524300,764269545
2016-03-07,11.43,11.65,9.31,9.55,34085100,741166643
2016-03-06,11.20,11.84,9.99,11.38,39112000,882886756
2016-03-05,10.37,12.27,9.97,11.00,56439600,853205226
2016-03-04,9.24,10.41,8.48,10.41,35520100,806593727
2016-03-03,8.44,10.10,8.33,9.29,40314900,720179291
2016-03-02,7.63,8.75,7.37,8.47,29130200,655748796
2016-03-01,6.32,7.91,6.31,7.65,23098100,592677993
2016-02-29,6.46,6.61,6.05,6.34,7648020,490556570
2016-02-28,6.41,6.62,6.24,6.47,9851660,500569665
2016-02-27,5.96,6.53,5.92,6.43,8903210,497119698
2016-02-26,6.04,6.27,5.74,5.92,9526860,457966535
2016-02-25,6.19,6.65,5.55,6.10,21471800,471975064
2016-02-24,5.60,6.24,5.51,6.24,11426500,481995066
2016-02-23,5.68,5.95,5.39,5.59,13380600,431598157
2016-02-22,4.66,5.65,4.64,5.62,15056200,433798974
2016-02-21,4.36,4.71,4.23,4.65,6413550,359310563
2016-02-20,4.68,4.75,4.13,4.34,8631090,335088727
2016-02-19,4.38,4.79,4.27,4.74,7666320,365577845
2016-02-18,3.77,4.77,3.42,4.40,17054000,339328346
2016-02-17,4.29,4.77,3.50,3.76,15451000,289721943
2016-02-16,5.33,5.47,4.03,4.32,15889100,332648533
2016-02-15,5.33,5.89,5.02,5.29,13934200,407524960
2016-02-14,5.40,5.47,4.45,5.24,11226500,403647764
2016-02-13,5.69,5.72,4.19,5.39,24218800,414729231
2016-02-12,5.95,6.58,5.07,5.55,23360800,427037697
2016-02-11,4.50,6.29,4.34,6.01,26408200,462770855
2016-02-10,4.00,4.86,3.78,4.44,28640400,341305129
2016-02-09,3.17,4.04,3.17,4.04,17954000,311075408
2016-02-08,2.97,3.27,2.88,3.18,9725690,244479014
2016-02-07,2.54,3.06,2.54,2.96,7007060,227838892
2016-02-06,2.53,2.56,2.47,2.53,1921240,194733892
2016-02-05,2.57,2.61,2.47,2.54,2636700,195018592
2016-02-04,2.53,2.63,2.44,2.58,3552320,197953037
2016-02-03,2.43,2.54,2.34,2.53,3987750,194099730
2016-02-02,2.22,2.45,2.16,2.44,3451270,187200922
2016-02-01,2.32,2.32,2.12,2.21,3994100,169654871
2016-01-31,2.44,2.53,2.19,2.31,5847500,176834424
2016-01-30,2.51,2.61,2.40,2.45,3725080,187435391
2016-01-29,2.54,2.61,2.30,2.49,6662340,191198055
2016-01-28,2.41,2.68,2.34,2.53,4903850,193551356
2016-01-27,2.25,2.59,2.19,2.39,6961080,182923580
2016-01-26,2.53,2.84,1.99,2.28,13939200,174275656
2016-01-25,2.15,2.66,2.06,2.50,10739300,191276220
2016-01-24,1.90,2.30,1.90,2.14,9669770,163819884
2016-01-23,1.50,2.03,1.50,1.97,7370980,150874912
2016-01-22,1.55,1.58,1.47,1.50,1567240,114784065
2016-01-21,1.53,1.59,1.49,1.55,1614960,118743869
2016-01-20,1.36,1.62,1.35,1.53,2933220,117043472
2016-01-19,1.42,1.46,1.31,1.37,2446740,104750746
2016-01-18,1.33,1.54,1.32,1.43,4278930,108912542
2016-01-17,1.22,1.33,1.21,1.33,1171150,101329330
2016-01-16,1.22,1.31,1.17,1.22,2462630,93117298
2016-01-15,1.18,1.32,1.14,1.21,3910550,92149709
2016-01-14,1.12,1.19,1.10,1.19,751961,90714399
2016-01-13,1.14,1.15,1.08,1.13,1005910,85775572
2016-01-12,1.07,1.28,1.05,1.14,2898760,86951446
2016-01-11,0.999216,1.07,0.999216,1.06,1011920,80874514
2016-01-10,0.985557,1.00,0.975099,0.999231,390888,76097646
2016-01-09,0.985501,0.992345,0.973600,0.986833,226281,75128312
2016-01-08,0.942752,0.991825,0.939715,0.986789,545600,75099809
2016-01-07,0.955801,0.974623,0.935830,0.942005,647462,71667152
2016-01-06,0.950028,0.960659,0.935708,0.950860,308791,72317149
2016-01-05,0.953147,0.970597,0.946543,0.950176,219833,72240974
2016-01-04,0.972045,0.976438,0.929835,0.954480,346245,72543707
2016-01-03,0.938430,0.991362,0.934313,0.971905,407632,73843292
2016-01-02,0.947401,0.969637,0.936560,0.937124,255504,71176658
2016-01-01,0.933712,0.954822,0.931442,0.948024,206062,71980386
2015-12-31,0.912098,0.975414,0.910277,0.933542,663994,70858023
2015-12-30,0.874258,0.941099,0.866647,0.911958,604078,69196765
2015-12-29,0.843835,0.873054,0.833232,0.873054,215742,66222901
2015-12-28,0.856356,0.872394,0.832932,0.845005,235134,64074279
2015-12-27,0.853166,0.861538,0.841151,0.856365,164565,64913919
2015-12-26,0.870766,0.897453,0.838314,0.854603,425282,64758910
2015-12-25,0.861993,0.882556,0.861993,0.870363,187114,65931377
2015-12-24,0.859433,0.882818,0.847600,0.863262,354646,65371538
2015-12-23,0.861782,0.882940,0.856065,0.858077,334993,64957356
2015-12-22,0.894973,0.909526,0.862059,0.864202,454249,65398932
2015-12-21,0.906065,0.917390,0.891182,0.900771,549113,68143246
2015-12-20,0.908240,0.943185,0.899441,0.903885,472164,68356313
2015-12-19,0.921524,0.925874,0.888916,0.908072,343535,68650439
2015-12-18,0.938327,0.939493,0.908081,0.920127,300787,69538663
2015-12-17,0.993043,0.997611,0.911807,0.940701,640765,71069938
2015-12-16,1.02,1.02,0.974927,0.991182,320767,74858729
2015-12-15,0.990589,1.03,0.982240,1.01,578618,76568082
2015-12-14,0.956620,1.01,0.950178,0.993022,563436,74947760
2015-12-13,0.971538,0.989394,0.937438,0.952884,273614,71894531
2015-12-12,0.931196,1.05,0.928546,0.976973,1376280,73686284
2015-12-11,0.839995,0.929762,0.819789,0.929762,801072,70101842
2015-12-10,0.795590,0.861590,0.787291,0.840396,369589,63342630
2015-12-09,0.824454,0.824454,0.770488,0.792167,624221,59687098
2015-12-08,0.806024,0.823645,0.782328,0.822118,445903,61922409
2015-12-07,0.836322,0.850791,0.787650,0.811264,520409,61084951
2015-12-06,0.866417,0.882436,0.833115,0.835500,443608,62889050
2015-12-05,0.841195,0.872821,0.824444,0.862438,232743,64895497
2015-12-04,0.812082,0.859575,0.802373,0.840041,241278,63189182
2015-12-03,0.818546,0.837664,0.785086,0.812143,539969,61070307
2015-12-02,0.873171,0.878017,0.818924,0.821210,506307,61730775
2015-12-01,0.878316,0.886736,0.853937,0.874800,652857,65738067
2015-11-30,0.879951,0.895054,0.847696,0.873119,784439,65589555
2015-11-29,0.914144,0.914153,0.860533,0.878614,448358,65980042
2015-11-28,0.868102,0.929293,0.862122,0.915703,462464,68742122
2015-11-27,0.882100,0.900051,0.860695,0.867951,403813,65135635
2015-11-26,0.863273,0.903643,0.804360,0.884183,947473,66330892
2015-11-25,0.893827,0.899493,0.851106,0.863537,622991,64760707
2015-11-24,0.946442,0.948055,0.895931,0.900191,524195,67487356
2015-11-23,0.967493,0.969057,0.933870,0.946969,441875,70970606
2015-11-22,0.979765,0.984132,0.958982,0.968018,372173,72523507
2015-11-21,0.928758,0.978743,0.920940,0.976140,455976,73107357
2015-11-20,0.955735,0.955735,0.898576,0.924920,614335,69247998
2015-11-19,0.988713,1.01,0.937498,0.955532,443528,71517342
2015-11-18,0.993214,1.01,0.940516,0.993319,681104,74320769
2015-11-17,0.924948,1.03,0.905794,1.01,1145440,75392162
2015-11-16,0.906166,0.944732,0.891971,0.928962,620945,69458011
2015-11-15,0.891217,0.921516,0.874957,0.906368,411848,67745801
2015-11-14,0.905469,0.906113,0.876908,0.888812,372514,66410518
2015-11-13,0.907722,0.917309,0.846023,0.904096,543671,67529354
2015-11-12,0.796455,0.913919,0.763510,0.895711,806156,66880152
2015-11-11,0.941296,0.945278,0.729775,0.791829,1278580,59103443
2015-11-10,1.00,1.05,0.920968,0.934348,854581,69717801
2015-11-09,1.03,1.11,0.945263,0.999278,2045290,74537426
2015-11-08,0.915661,1.03,0.915661,1.03,1021460,76614488
2015-11-07,0.923732,0.943787,0.863539,0.927974,890187,69172171
2015-11-06,0.904772,0.989848,0.852929,0.926032,913666,69004595
2015-11-05,0.900699,0.991259,0.860382,0.895637,1179840,66716645
2015-11-04,1.01,1.04,0.725665,0.899050,3060340,66947930
2015-11-03,0.994568,1.07,0.936615,1.01,1907690,75434114
2015-11-02,1.06,1.10,0.953647,0.989789,1145200,73654327
2015-11-01,0.920847,1.08,0.899082,1.06,588913,78530263
2015-10-31,1.05,1.06,0.900171,0.916627,673892,68163368
2015-10-30,1.21,1.35,0.968160,1.04,2429200,77401817
2015-10-29,1.01,1.21,0.947374,1.21,2279240,89668667
2015-10-28,0.870938,1.06,0.807857,1.00,2373050,74469864
2015-10-27,0.708890,0.898172,0.708890,0.869641,1846370,64580263
2015-10-26,0.619743,0.757517,0.597098,0.731317,1089120,54289124
2015-10-25,0.563207,0.688192,0.561383,0.616039,635384,45716387
2015-10-24,0.539681,0.577396,0.518688,0.563590,258356,41809764
2015-10-23,0.566370,0.611743,0.504284,0.539657,878822,40020348
2015-10-22,0.444988,0.619466,0.420991,0.567702,924822,42085192
2015-10-21,0.431589,0.482988,0.420897,0.447329,609085,33150826
2015-10-20,0.489629,0.501898,0.431648,0.434829,383921,32213626
2015-10-19,0.517621,0.521546,0.480994,0.489014,243742,36215624
2015-10-18,0.547913,0.552234,0.512861,0.517734,133690,38329702
2015-10-17,0.534117,0.563460,0.526961,0.547178,313860,40496031
2015-10-16,0.562593,0.568861,0.522533,0.536495,249891,39691829
2015-10-15,0.523278,0.572714,0.514730,0.561878,371022,41556025
2015-10-14,0.612240,0.612240,0.483974,0.522968,971664,38665409
2015-10-13,0.627943,0.630240,0.599214,0.607655,303044,44911718
2015-10-12,0.634515,0.657789,0.626030,0.626030,109567,46253823
2015-10-11,0.627461,0.639506,0.618335,0.634963,102128,46897253
2015-10-10,0.641187,0.649022,0.624374,0.627857,141555,46356711
2015-10-09,0.655084,0.692296,0.632116,0.650628,386420,48022036
2015-10-08,0.609501,0.633138,0.591971,0.621716,310266,45872837
2015-10-07,0.650515,0.656301,0.602423,0.609388,218327,44947527
2015-10-06,0.622218,0.653944,0.606230,0.650645,262674,47974298
2015-10-05,0.666784,0.674438,0.624450,0.628643,234263,46336892
2015-10-04,0.686343,0.693126,0.660716,0.668379,103497,49249083
2015-10-03,0.678783,0.709204,0.675482,0.687171,163326,50616972
2015-10-02,0.683732,0.691120,0.654605,0.678574,219318,49966502
2015-10-01,0.734307,0.734307,0.655906,0.690215,596084,50805919
2015-09-30,0.661192,0.746722,0.635861,0.738644,619926,54351468
2015-09-29,0.579414,0.675830,0.558346,0.661146,913992,48633259
2015-09-28,0.723715,0.725677,0.557062,0.582886,1320890,42863006
2015-09-27,0.791277,0.791277,0.719169,0.720839,413801,52990396
2015-09-26,0.737630,0.787544,0.709328,0.785964,369620,57759115
2015-09-25,0.820031,0.825665,0.712745,0.736223,903457,54085581
2015-09-24,0.896796,0.908571,0.793460,0.813610,842505,59749888
2015-09-23,0.903560,0.908910,0.885136,0.893406,200541,65587499
2015-09-22,0.919337,0.919337,0.865225,0.901796,487914,66180153
2015-09-21,0.941496,0.957326,0.878301,0.919047,424039,67422915
2015-09-20,0.881191,0.947741,0.873205,0.938445,508314,68822183
2015-09-19,0.849603,0.911883,0.833784,0.882391,386988,64687992
2015-09-18,0.874574,0.888102,0.833908,0.853685,484622,62561883
2015-09-17,0.906865,0.909204,0.831132,0.874231,897940,64046216
2015-09-16,0.941977,0.952698,0.901639,0.907175,615593,66437873
2015-09-15,0.875189,1.05,0.875189,0.944410,703390,69141409
2015-09-14,0.940566,0.949387,0.871760,0.875622,741085,64084135
2015-09-13,1.04,1.04,0.902832,0.936003,644138,68480587
2015-09-12,0.987228,1.11,0.969780,1.04,772430,75971273
2015-09-11,1.16,1.17,0.940675,0.982978,1942600,71868265
2015-09-10,1.21,1.22,1.14,1.17,662782,85202732
2015-09-09,1.24,1.26,1.20,1.21,366748,88150125
2015-09-08,1.25,1.28,1.23,1.24,427892,90743242
2015-09-07,1.30,1.31,1.24,1.25,489014,91020735
2015-09-06,1.34,1.37,1.29,1.30,491968,94580164
2015-09-05,1.28,1.34,1.27,1.34,448453,97683883
2015-09-04,1.26,1.30,1.24,1.27,474391,92953701
2015-09-03,1.30,1.31,1.21,1.26,702991,92234142
2015-09-02,1.35,1.35,1.26,1.29,883769,94389544
2015-09-01,1.35,1.39,1.34,1.35,778862,98507500
2015-08-31,1.32,1.40,1.20,1.36,1447180,98963975
2015-08-30,1.18,1.37,1.17,1.32,1337650,96097349
2015-08-29,1.19,1.21,1.15,1.18,375377,86113895
2015-08-28,1.15,1.21,1.12,1.19,721872,86731077
2015-08-27,1.17,1.19,1.14,1.15,686662,83524585
2015-08-26,1.13,1.20,1.06,1.16,1056750,84390924
2015-08-25,1.23,1.24,1.13,1.14,1307180,82922633
2015-08-24,1.35,1.36,1.23,1.23,924920,89515257
2015-08-23,1.38,1.41,1.30,1.35,1589300,98300351
2015-08-22,1.40,1.48,1.35,1.38,948310,100201826
2015-08-21,1.48,1.56,1.35,1.40,2020970,101331856
2015-08-20,1.25,1.53,1.25,1.46,2843760,106351420
2015-08-19,1.17,1.32,1.17,1.26,1486240,91366391
2015-08-18,1.22,1.33,1.09,1.09,1485680,78868413
2015-08-17,1.58,1.58,1.19,1.20,1942830,87295367
2015-08-16,1.68,1.70,1.09,1.57,3550790,94901005
2015-08-15,1.80,1.88,1.57,1.69,2554360,102303608
2015-08-14,1.81,2.26,1.75,1.83,4637030,110672322
2015-08-13,1.22,1.97,1.17,1.83,4068680,110607192
2015-08-12,1.06,1.29,0.883608,1.22,2150620,73645011
2015-08-11,0.708087,1.13,0.663235,1.07,1463100,64569288
2015-08-10,0.713989,0.729854,0.636546,0.708448,405283,42818364
2015-08-09,0.706136,0.879810,0.629191,0.701897,532170,42399573
2015-08-08,2.79,2.80,0.714725,0.753325,674188,45486894
2015-08-07,2.83,3.54,2.52,2.77,164329,166610555
